Test,Animal,Treatment,Code,Stage,Trial,Apparatus,Familiar zone ,Arena : time (s),Familiar zone : entries,Familiar zone : time (s),Familiar zone : was 1st zone,Novel zone : entries,Novel zone : time (s),Novel zone : was 1st zone,Blank zone : entries,Blank zone : time (s),Blank zone : was 1st zone
1,F-01BR,F SAL EE,A,NOR habituation,1,Top OF,Front,600.0,52,44.7,No,37,19.0,No,36,45.5,No
2,F-03R,F SAL EE,A,NOR habituation,1,Bottom OF,Front,600.0,38,22.6,No,45,18.8,No,68,49.0,No
3,F-03G,F SAL EE,A,NOR habituation,1,Top OF,Back,600.0,27,23.7,No,35,27.2,No,35,43.1,No
4,F-03B,F SAL EE,A,NOR habituation,1,Bottom OF,Back,600.0,46,22.8,No,52,35.1,No,44,54.1,No
5,F-03RG,F SAL EE,A,NOR habituation,1,Top OF,Front,600.0,55,36.3,No,39,16.9,No,35,36.8,No
6,F-03RB,F SAL EE,A,NOR habituation,1,Bottom OF,Front,600.0,43,24.5,No,32,18.1,No,51,50.0,No
7,F-03GR,F SAL EE,A,NOR habituation,1,Top OF,Back,600.0,34,22.7,No,33,35.5,No,33,49.2,No
8,F-03BR,F SAL EE,A,NOR habituation,1,Bottom OF,Back,600.0,22,11.9,No,46,30.7,No,55,49.9,No
9,F-03RGR,F SAL EE,A,NOR habituation,1,Top OF,Front,600.0,46,45.0,No,26,64.9,No,33,49.9,No
10,F-03BRB,F SAL EE,A,NOR habituation,1,Bottom OF,Front,600.0,47,16.0,No,30,15.0,No,49,30.3,No
11,F-02B,F CVAD EE,B,NOR habituation,1,Top OF,Back,600.0,18,24.3,No,58,136.4,No,11,17.7,No
12,F-02RG,F CVAD EE,B,NOR habituation,1,Bottom OF,Back,600.0,26,14.2,No,34,31.4,No,46,47.3,No
13,F-02RB,F CVAD EE,B,NOR habituation,1,Top OF,Front,600.0,42,40.7,No,11,3.4,No,20,24.7,No
14,F-02GR,F CVAD EE,B,NOR habituation,1,Bottom OF,Front,600.0,31,49.7,No,12,11.3,No,34,94.9,No
15,F-02BR,F CVAD EE,B,NOR habituation,1,Top OF,Back,600.0,22,7.4,No,42,26.0,No,38,45.4,No
16,F-04BR,F CVAD EE,B,NOR habituation,1,Bottom OF,Back,600.0,18,10.1,No,42,39.0,No,50,59.9,No
17,F-04RGR,F CVAD EE,B,NOR habituation,1,Top OF,Front,600.0,44,47.9,No,19,11.8,No,41,119.3,No
18,M-02R,M SAL PE,C,NOR habituation,1,Bottom OF,Front,600.0,49,38.6,No,26,16.4,No,40,38.3,No
19,M-02G,M SAL PE,C,NOR habituation,1,Top OF,Back,600.0,16,8.0,No,36,33.5,No,25,24.8,No
20,M-02RG,M SAL PE,C,NOR habituation,1,Bottom OF,Front,600.0,50,39.9,No,24,10.9,No,47,47.5,No
21,M-02B,M SAL PE,C,NOR habituation,1,Top OF,Back,600.0,43,93.1,No,32,21.2,No,40,44.7,No
22,M-03G,M SAL PE,C,NOR habituation,1,Bottom OF,Back,600.0,28,20.4,No,40,44.6,No,38,46.0,No
23,M-03R,M SAL PE,C,NOR habituation,1,Top OF,Front,600.0,36,25.2,No,21,14.4,No,30,48.0,No
24,M-03RG,M SAL PE,C,NOR habituation,1,Bottom OF,Front,600.0,24,9.4,No,17,7.0,No,41,82.3,No
25,M-03B,M SAL PE,C,NOR habituation,1,Top OF,Back,600.0,25,15.2,No,35,38.7,No,40,52.5,No
26,M-03GR,M SAL PE,C,NOR habituation,1,Bottom OF,Back,600.0,27,10.8,No,55,30.6,No,25,28.0,No
27,M-03RB,M SAL PE,C,NOR habituation,1,Top OF,Front,600.0,28,13.7,No,28,14.8,No,63,69.1,No
28,M-01B,M CVAD PE,D,NOR habituation,1,Bottom OF,Front,600.0,27,24.2,No,18,38.4,No,38,187.7,No
29,M-01G,M CVAD PE,D,NOR habituation,1,Top OF,Back,600.0,34,16.9,No,16,18.3,No,47,79.5,No
30,M-04R,M CVAD PE,D,NOR habituation,1,Bottom OF,Front,600.0,16,23.6,No,9,4.6,No,8,55.1,No
31,F-01BR,F SAL EE,A,NOR training,1,Top OF,Front,300.0,20,24.5,No,30,35.3,No,19,19.3,No
32,F-03R,F SAL EE,A,NOR training,1,Bottom OF,Front,300.0,30,22.5,No,24,20.8,No,28,33.9,No
33,F-03G,F SAL EE,A,NOR training,1,Top OF,Back,300.0,31,43.2,No,37,48.4,No,13,16.5,No
34,F-03B,F SAL EE,A,NOR training,1,Bottom OF,Back,300.0,30,41.8,No,42,57.4,No,14,15.9,No
35,F-03RG,F SAL EE,A,NOR training,1,Top OF,Front,300.0,38,50.3,No,45,71.8,No,16,13.7,No
36,F-03RB,F SAL EE,A,NOR training,1,Bottom OF,Front,300.0,27,44.1,No,36,49.3,No,11,12.4,No
37,F-03GR,F SAL EE,A,NOR training,1,Top OF,Back,300.0,42,77.2,No,22,36.9,No,16,16.8,No
38,F-03BR,F SAL EE,A,NOR training,1,Bottom OF,Back,300.0,42,60.8,No,32,44.7,No,16,16.5,No
39,F-01BR,F SAL EE,A,NOR test,1,Top OF,Front,300.0,11,11.7,No,16,27.9,No,34,50.7,No
40,F-03R,F SAL EE,A,NOR test,1,Bottom OF,Front,300.0,16,9.1,No,13,16.4,No,42,82.3,No
41,F-03G,F SAL EE,A,NOR test,1,Top OF,Back,300.0,14,16.0,No,21,49.9,No,9,14.3,No
42,F-03B,F SAL EE,A,NOR test,1,Bottom OF,Back,300.0,17,30.4,No,31,44.0,No,17,53.3,No
43,F-03RG,F SAL EE,A,NOR test,1,Top OF,Front,300.0,23,46.4,No,24,60.5,No,9,11.9,No
44,F-03RB,F SAL EE,A,NOR test,1,Bottom OF,Front,300.0,19,23.3,No,18,34.3,No,27,71.6,No
45,F-03GR,F SAL EE,A,NOR test,1,Top OF,Back,300.0,25,38.4,No,19,27.1,No,28,29.5,No
46,F-03BR,F SAL EE,A,NOR test,1,Bottom OF,Back,300.0,29,34.9,No,22,30.4,No,21,23.0,No
47,F-03BRB,F SAL EE,A,NOR training,1,Bottom OF,Front,300.0,48,44.6,No,24,18.0,No,18,23.0,No
48,F-03RGR,F SAL EE,A,NOR training,1,Top OF,Front,300.0,17,34.2,No,29,57.0,No,24,32.6,No
49,F-02B,F CVAD EE,B,NOR training,1,Top OF,Back,300.0,28,38.3,No,37,70.7,No,10,4.9,No
50,F-02RG,F CVAD EE,B,NOR training,1,Bottom OF,Back,300.0,21,25.0,No,23,28.6,No,44,74.1,No
51,F-02RB,F CVAD EE,B,NOR training,1,Top OF,Front,300.0,37,49.6,No,18,26.1,No,16,14.6,No
52,F-02GR,F CVAD EE,B,NOR training,1,Bottom OF,Front,300.0,19,16.7,No,33,55.7,No,32,44.5,No
53,F-02BR,F CVAD EE,B,NOR training,1,Top OF,Back,300.0,15,24.1,No,12,14.2,No,16,20.4,No
54,F-04BR,F CVAD EE,B,NOR training,1,Bottom OF,Back,300.0,28,43.5,No,30,44.4,No,13,20.4,No
55,F-03RGR,F SAL EE,A,NOR test,1,Top OF,Front,300.0,20,29.6,No,13,17.4,No,25,43.0,No
56,F-03BRB,F SAL EE,A,NOR test,1,Bottom OF,Front,300.0,24,25.8,No,27,42.1,No,25,29.7,No
57,F-02B,F CVAD EE,B,NOR test,1,Top OF,Back,300.0,5,2.9,No,23,23.7,No,4,4.7,No
58,F-02RG,F CVAD EE,B,NOR test,1,Bottom OF,Back,300.0,14,13.5,No,19,41.9,No,40,44.9,No
59,F-02RB,F CVAD EE,B,NOR test,1,Top OF,Front,300.0,28,34.3,No,34,43.2,No,11,6.3,No
60,F-02GR,F CVAD EE,B,NOR test,1,Bottom OF,Front,300.0,34,52.0,No,10,16.1,No,39,57.1,No
61,F-02BR,F CVAD EE,B,NOR test,1,Top OF,Back,300.0,18,25.0,No,21,62.3,No,21,38.5,No
62,F-04BR,F CVAD EE,B,NOR test,1,Bottom OF,Back,300.0,22,59.7,No,13,27.8,No,13,12.4,No
63,F-04RGR,F CVAD EE,B,NOR training,1,Top OF,Front,300.0,23,21.9,No,8,31.6,No,11,34.5,No
64,M-02R,M SAL PE,C,NOR training,1,Bottom OF,Front,300.0,10,6.8,No,15,11.0,No,31,50.4,No
65,M-02G,M SAL PE,C,NOR training,1,Top OF,Back,300.0,11,12.9,No,24,28.2,No,11,33.1,No
66,M-02RG,M SAL PE,C,NOR training,1,Bottom OF,Front,300.0,14,17.0,No,26,32.8,No,21,27.8,No
67,M-02B,M SAL PE,C,NOR training,1,Top OF,Back,300.0,16,11.6,No,17,13.3,No,37,45.4,No
68,M-03G,M SAL PE,C,NOR training,1,Bottom OF,Back,300.0,18,13.3,No,8,6.3,No,21,59.2,No
69,M-03R,M SAL PE,C,NOR training,1,Top OF,Front,300.0,16,18.3,No,14,9.9,No,12,9.0,No
70,M-03RG,M SAL PE,C,NOR training,1,Bottom OF,Front,300.0,50,61.9,No,16,21.1,No,18,10.8,No
71,F-04RGR,F CVAD EE,B,NOR test,1,Top OF,Front,300.0,2,1.3,No,4,7.4,No,4,1.7,No
72,M-02R,M SAL PE,C,NOR test,1,Bottom OF,Front,300.0,26,23.4,No,18,14.2,No,21,21.6,No
73,M-02G,M SAL PE,C,NOR test,1,Top OF,Back,300.0,19,24.2,No,25,34.5,No,15,49.3,No
74,M-02RG,M SAL PE,C,NOR test,1,Bottom OF,Front,300.0,15,26.6,No,16,27.5,No,23,67.9,No
75,M-02B,M SAL PE,C,NOR test,1,Top OF,Back,300.0,6,4.3,No,9,5.3,No,26,136.8,No
76,M-03G,M SAL PE,C,NOR test,1,Bottom OF,Back,300.0,8,7.7,No,5,3.0,No,6,6.4,No
77,M-03R,M SAL PE,C,NOR test,1,Top OF,Front,300.0,12,9.2,No,15,14.5,No,25,75.7,No
78,M-03RG,M SAL PE,C,NOR test,1,Bottom OF,Front,300.0,24,41.2,No,21,28.9,No,25,60.0,No
79,M-03B,M SAL PE,C,NOR training,1,Top OF,Back,300.0,14,18.2,No,19,25.4,No,25,40.5,No
80,M-03GR,M SAL PE,C,NOR training,1,Bottom OF,Back,300.0,35,43.5,No,25,33.6,No,10,17.3,No
81,M-03RB,M SAL PE,C,NOR training,1,Top OF,Front,300.0,14,16.2,No,44,49.2,No,31,29.1,No
82,M-01B,M CVAD PE,D,NOR training,1,Bottom OF,Front,300.0,20,19.7,No,5,6.2,No,19,35.4,No
83,M-01G,M CVAD PE,D,NOR training,1,Top OF,Back,300.0,11,4.7,No,8,5.3,No,34,118.9,No
84,M-04R,M CVAD PE,D,NOR training,1,Bottom OF,Front,300.0,5,6.2,No,15,11.6,No,12,10.6,No
85,M-03B,M SAL PE,C,NOR test,1,Top OF,Back,300.0,11,11.1,No,19,28.8,No,14,56.0,No
86,M-03GR,M SAL PE,C,NOR test,1,Bottom OF,Back,300.0,24,46.6,No,11,15.9,No,17,45.9,No
87,M-03RB,M SAL PE,C,NOR test,1,Top OF,Front,300.0,16,49.1,No,11,20.3,No,27,32.6,No
88,M-01B,M CVAD PE,D,NOR test,1,Bottom OF,Front,300.0,4,2.3,No,10,6.9,No,38,70.4,No
89,M-01G,M CVAD PE,D,NOR test,1,Top OF,Back,300.0,8,8.3,No,7,6.4,No,19,47.8,No
90,M-04R,M CVAD PE,D,NOR test,1,Bottom OF,Front,300.0,0,0.0,No,0,0.0,No,0,0.0,No
91,F-05B,F SAL PE,E,NOR habituation,1,Top OF,Front,600.0,40,30.0,No,25,14.6,No,53,62.1,No
92,F-05RG,F SAL PE,E,NOR habituation,1,Bottom OF,Front,600.0,14,13.8,No,23,24.8,No,19,62.2,No
93,F-05RB,F SAL PE,E,NOR habituation,1,Top OF,Back,600.0,48,24.7,No,36,21.7,No,37,24.9,No
94,F-06B,F SAL PE,E,NOR habituation,1,Bottom OF,Back,600.0,45,35.7,No,39,26.2,No,43,47.9,No
95,F-06RG,F SAL PE,E,NOR habituation,1,Top OF,Front,600.0,34,20.2,No,47,34.5,No,57,77.1,No
96,F-06RB,F SAL PE,E,NOR habituation,1,Bottom OF,Front,600.0,36,21.0,No,30,16.0,No,51,66.2,No
97,F-06GR,F SAL PE,E,NOR habituation,1,Top OF,Back,600.0,21,30.0,No,38,42.9,No,27,32.8,No
98,F-07R,F CVAD PE,F,NOR habituation,1,Bottom OF,Back,600.0,43,28.1,No,24,16.3,No,37,58.8,No
99,F-07RBR,F CVAD PE,F,NOR habituation,1,Top OF,Back,600.0,47,42.9,No,31,36.0,No,27,39.0,No
100,F-07RGR,F CVAD PE,F,NOR habituation,1,Bottom OF,Front,600.0,3,3.5,No,15,7.6,No,30,199.4,No
101,F-08R,F CVAD PE,F,NOR habituation,1,Top OF,Front,600.0,26,27.4,No,32,39.6,No,37,43.3,No
102,F-07BRB,F CVAD PE,F,NOR habituation,1,Bottom OF,Back,600.0,39,17.8,No,35,22.4,No,48,47.3,No
103,F-08B,F CVAD PE,F,NOR habituation,1,Top OF,Back,600.0,27,36.5,No,26,28.2,No,42,48.3,No
104,F-08G,F CVAD PE,F,NOR habituation,1,Bottom OF,Front,600.0,26,22.8,No,48,41.8,No,53,47.1,No
105,F-8RG,F CVAD PE,F,NOR habituation,1,Bottom OF,Back,600.0,49,30.1,No,54,27.1,No,60,48.6,No
106,F-08RB,F CVAD PE,F,NOR habituation,1,Top OF,Front,600.0,28,28.3,No,36,21.4,No,47,51.1,No
107,M-07GR,M SAL EE,G,NOR habituation,1,Top OF,Back,600.0,39,18.8,No,35,45.5,No,29,22.4,No
108,M-07RB,M SAL EE,G,NOR habituation,1,Bottom OF,Front,600.0,24,12.8,No,27,14.4,No,42,32.6,No
109,M-09R,M SAL EE,G,NOR habituation,1,Top OF,Front,600.0,20,11.0,No,66,67.7,No,60,73.8,No
110,M-07BR,M SAL EE,G,NOR habituation,1,Bottom OF,Back,600.0,33,15.2,No,34,29.2,No,72,72.1,No
111,M-09B,M SAL EE,G,NOR habituation,1,Top OF,Back,600.0,39,21.7,No,27,23.3,No,77,76.9,No
112,M-09G,M SAL EE,G,NOR habituation,1,Bottom OF,Front,600.0,46,18.2,No,51,20.5,No,64,36.6,No
113,M-08GR,M CVAD EE,H,NOR habituation,1,Top OF,Front,600.0,51,50.7,No,35,22.0,No,63,66.1,No
114,M-09RG,M SAL EE,G,NOR habituation,1,Bottom OF,Back,600.0,45,19.2,No,35,25.8,No,71,62.4,No
115,M-10R,M CVAD EE,H,NOR habituation,1,Top OF,Back,600.0,31,41.1,No,39,50.8,No,29,26.8,No
116,M-08B,M CVAD EE,H,NOR habituation,1,Bottom OF,Front,600.0,41,28.6,No,29,33.2,No,47,82.4,No
117,M-10GR,M CVAD EE,H,NOR habituation,1,Top OF,Back,600.0,29,20.3,No,45,52.4,No,37,35.3,No
118,M-10BR,M CVAD EE,H,NOR habituation,1,Bottom OF,Back,600.0,36,16.6,No,37,18.9,No,64,76.8,No
119,M-10BRB,M CVAD EE,H,NOR habituation,1,Top OF,Front,600.0,32,29.4,No,27,31.0,No,44,46.6,No
120,M-06G,M CVAD PE,D,NOR habituation,1,Bottom OF,Front,600.0,10,10.5,No,21,11.3,No,42,211.8,No
121,F-05B,F SAL PE,E,NOR training,1,Top OF,Front,300.0,21,15.4,No,24,15.3,No,36,26.3,No
122,F-05RG,F SAL PE,E,NOR training,1,Bottom OF,Front,300.0,12,24.9,No,12,17.8,No,28,82.5,No
123,F-05RB,F SAL PE,E,NOR training,1,Top OF,Back,300.0,38,23.4,No,22,13.3,No,35,29.9,No
124,F-06B,F SAL PE,E,NOR training,1,Bottom OF,Back,300.0,11,5.3,No,18,8.0,No,23,40.4,No
125,F-06RG,F SAL PE,E,NOR training,1,Top OF,Front,300.0,16,13.6,No,49,55.7,No,31,50.1,No
126,F-06RB,F SAL PE,E,NOR training,1,Bottom OF,Front,300.0,30,19.3,No,37,33.8,No,19,12.2,No
127,F-06GR,F SAL PE,E,NOR training,1,Top OF,Back,300.0,15,16.3,No,17,14.1,No,34,47.3,No
128,F-07R,F CVAD PE,F,NOR training,1,Bottom OF,Back,300.0,13,16.3,No,11,16.6,No,13,51.9,No
129,F-05B,F SAL PE,E,NOR test,1,Top OF,Front,300.0,27,33.3,No,16,23.7,No,14,16.0,No
130,F-05RG,F SAL PE,E,NOR test,1,Bottom OF,Front,300.0,25,38.1,No,17,22.0,No,23,71.0,No
131,F-05RB,F SAL PE,E,NOR test,1,Top OF,Back,300.0,23,21.0,No,19,14.6,No,21,51.7,No
132,F-06B,F SAL PE,E,NOR test,1,Bottom OF,Back,300.0,10,8.2,No,13,5.7,No,17,25.3,No
133,F-06RG,F SAL PE,E,NOR test,1,Top OF,Front,300.0,33,35.4,No,13,14.5,No,31,45.4,No
134,F-06RB,F SAL PE,E,NOR test,1,Bottom OF,Front,300.0,19,16.6,No,15,15.1,No,21,39.8,No
135,F-06GR,F SAL PE,E,NOR test,1,Top OF,Back,300.0,10,9.2,No,11,9.3,No,34,78.5,No
136,F-07R,F CVAD PE,F,NOR test,1,Bottom OF,Back,300.0,8,9.0,No,4,4.9,No,44,166.8,No
137,F-07RBR,F CVAD PE,F,NOR training,1,Top OF,Back,300.0,12,10.3,No,7,5.7,No,40,107.5,No
138,F-07RGR,F CVAD PE,F,NOR training,1,Bottom OF,Front,300.0,1,1.1,No,3,3.0,No,55,123.1,No
139,F-08R,F CVAD PE,F,NOR training,1,Top OF,Front,300.0,7,5.3,No,6,3.1,No,39,23.3,No
140,F-07BRB,F CVAD PE,F,NOR training,1,Bottom OF,Back,300.0,27,17.9,No,24,17.5,No,24,23.3,No
141,F-08B,F CVAD PE,F,NOR training,1,Top OF,Back,300.0,9,7.3,No,14,13.1,No,15,34.5,No
142,F-08G,F CVAD PE,F,NOR training,1,Bottom OF,Front,300.0,14,7.0,No,6,2.7,No,22,43.2,No
143,F-07RBR,F CVAD PE,F,NOR test,1,Top OF,Back,300.0,11,6.0,No,5,4.0,No,6,16.5,No
144,F-8RG,F CVAD PE,F,NOR training,1,Bottom OF,Back,300.0,21,16.3,No,21,20.1,No,40,56.2,No
145,F-08R,F CVAD PE,F,NOR test,1,Top OF,Front,300.0,13,10.3,No,16,23.6,No,14,14.6,No
146,F-07RGR,F CVAD PE,F,NOR test,1,Bottom OF,Front,300.0,1,2.1,No,2,0.7,No,25,36.1,No
147,F-08B,F CVAD PE,F,NOR test,1,Top OF,Back,300.0,12,7.5,No,5,3.7,No,7,54.1,No
148,F-07BRB,F CVAD PE,F,NOR test,1,Bottom OF,Back,300.0,17,8.1,No,21,15.9,No,13,21.1,No
149,F-08G,F CVAD PE,F,NOR test,1,Bottom OF,Front,300.0,2,0.9,No,5,2.8,No,3,5.0,No
150,F-08RB,F CVAD PE,F,NOR training,1,Top OF,Front,300.0,6,3.9,No,20,12.6,No,40,72.8,No
151,M-07GR,M SAL EE,G,NOR training,1,Top OF,Back,300.0,21,13.8,No,23,11.7,No,38,49.9,No
152,F-8RG,F CVAD PE,F,NOR test,1,Bottom OF,Back,300.0,13,11.3,No,14,23.4,No,31,57.0,No
153,M-09R,M SAL EE,G,NOR training,1,Top OF,Front,300.0,3,1.4,No,6,3.2,No,39,41.8,No
154,M-07RB,M SAL EE,G,NOR training,1,Bottom OF,Front,300.0,35,35.5,No,25,18.8,No,15,10.9,No
155,M-09B,M SAL EE,G,NOR training,1,Top OF,Back,300.0,15,12.0,No,10,7.2,No,29,24.9,No
156,M-07BR,M SAL EE,G,NOR training,1,Bottom OF,Back,300.0,18,11.4,No,28,19.9,No,15,32.3,No
157,F-08RB,F CVAD PE,F,NOR test,1,Top OF,Front,300.0,5,2.7,No,6,4.3,No,70,55.7,No
158,M-09RG,M SAL EE,G,NOR training,1,Bottom OF,Back,300.0,16,13.2,No,19,21.0,No,28,46.9,No
159,M-07RB,M SAL EE,G,NOR test,1,Bottom OF,Front,300.0,24,42.7,No,21,35.7,No,8,4.0,No
160,M-07GR,M SAL EE,G,NOR test,1,Top OF,Back,300.0,20,16.8,No,9,7.5,No,14,11.9,No
161,M-09R,M SAL EE,G,NOR test,1,Top OF,Front,300.0,0,0.0,No,2,1.7,No,0,0.0,No
162,M-07BR,M SAL EE,G,NOR test,1,Bottom OF,Back,300.0,9,6.7,No,24,46.2,No,9,8.8,No
163,M-09B,M SAL EE,G,NOR test,1,Top OF,Back,300.0,15,12.6,No,6,4.8,No,39,43.7,No
164,M-09RG,M SAL EE,G,NOR test,1,Bottom OF,Back,300.0,17,18.1,No,33,36.3,No,26,43.6,No
165,M-08GR,M CVAD EE,H,NOR training,1,Top OF,Front,300.0,2,2.1,No,6,2.9,No,14,13.9,No
166,M-08B,M CVAD EE,H,NOR training,1,Bottom OF,Front,300.0,0,0.0,No,2,1.5,No,38,49.1,No
167,M-10R,M CVAD EE,H,NOR training,1,Top OF,Back,300.0,9,5.5,No,6,3.3,No,8,6.1,No
168,M-10BR,M CVAD EE,H,NOR training,1,Bottom OF,Back,300.0,3,2.5,No,2,1.9,No,22,142.6,No
169,M-10GR,M CVAD EE,H,NOR training,1,Top OF,Back,300.0,23,17.8,No,15,11.5,No,18,43.9,No
170,M-06G,M CVAD PE,D,NOR training,1,Bottom OF,Front,300.0,1,0.6,No,3,3.2,No,10,37.8,No
171,M-10BRB,M CVAD EE,H,NOR training,1,Top OF,Front,300.0,26,33.9,No,23,21.4,No,35,55.8,No
172,M-08B,M CVAD EE,H,NOR test,1,Bottom OF,Front,300.0,0,0.0,No,0,0.0,No,0,0.0,No
173,M-08GR,M CVAD EE,H,NOR test,1,Top OF,Front,300.0,2,1.2,No,4,2.1,No,4,4.8,No
174,M-10BR,M CVAD EE,H,NOR test,1,Bottom OF,Back,300.0,5,4.7,No,9,5.0,No,20,38.6,No
175,M-06G,M CVAD PE,D,NOR test,1,Bottom OF,Front,300.0,0,0.0,No,0,0.0,No,0,0.0,No
176,M-10R,M CVAD EE,H,NOR test,1,Top OF,Back,300.0,9,7.1,No,9,6.4,No,9,14.3,No
177,M-10GR,M CVAD EE,H,NOR test,1,Top OF,Back,300.0,10,8.4,No,10,10.0,No,22,79.5,No
178,M-10BRB,M CVAD EE,H,NOR test,1,Top OF,Front,300.0,7,9.2,No,14,20.9,No,82,114.8,No
179,F-10G,F SAL EE,A,NOR habituation,1,Bottom OF,Front,600.0,32,23.3,No,34,24.3,No,59,177.6,No
180,F-10R,F SAL EE,A,NOR habituation,1,Top OF,Front,600.0,39,54.4,No,33,16.3,No,26,27.0,No
181,F-10B,F SAL EE,A,NOR habituation,1,Top OF,Back,600.0,56,22.8,No,56,25.6,No,73,54.3,No
182,F-10RG,F SAL EE,A,NOR habituation,1,Bottom OF,Back,600.0,40,34.2,No,34,26.4,No,41,54.0,No
183,F-10RB,F SAL EE,A,NOR habituation,1,Top OF,Front,600.0,13,7.5,No,44,67.7,No,44,93.9,No
184,F-10GR,F SAL EE,A,NOR habituation,1,Bottom OF,Front,600.0,51,29.1,No,33,17.5,No,72,55.4,No
185,F-10BR,F SAL EE,A,NOR habituation,1,Top OF,Back,600.0,50,87.8,No,28,15.6,No,42,73.3,No
186,F-10RGR,F SAL EE,A,NOR habituation,1,Bottom OF,Back,600.0,33,15.5,No,35,29.0,No,58,113.6,No
187,F-09BR,F CVAD EE,B,NOR habituation,1,Top OF,Front,600.0,23,37.3,No,30,28.1,No,34,44.4,No
188,F-09RGR,F CVAD EE,B,NOR habituation,1,Bottom OF,Front,600.0,33,47.1,No,48,57.8,No,40,38.8,No
189,M-12RG,M CVAD EE,H,NOR habituation,1,Top OF,Back,600.0,41,21.6,No,36,23.4,No,54,68.4,No
190,M-12RB,M CVAD EE,H,NOR habituation,1,Bottom OF,Back,600.0,51,49.4,No,35,21.2,No,41,60.5,No
191,M-12GR,M CVAD EE,H,NOR habituation,1,Top OF,Front,600.0,36,18.4,No,23,12.1,No,61,93.9,No
192,M-11R,M CVAD PE,D,NOR habituation,1,Bottom OF,Front,600.0,9,11.7,No,18,35.2,No,57,157.0,No
193,M-11G,M CVAD PE,D,NOR habituation,1,Top OF,Back,600.0,35,29.5,No,30,28.9,No,32,43.2,No
194,M-11B,M CVAD PE,D,NOR habituation,1,Bottom OF,Back,600.0,36,18.1,No,25,15.3,No,48,92.6,No
195,M-11RG,M CVAD PE,D,NOR habituation,1,Top OF,Front,600.0,31,27.8,No,42,32.2,No,52,67.9,No
196,M-11RB,M CVAD PE,D,NOR habituation,1,Bottom OF,Front,600.0,32,28.3,No,33,22.9,No,43,63.3,No
197,M-11GR,M CVAD PE,D,NOR habituation,1,Top OF,Back,600.0,52,21.0,No,28,14.4,No,61,101.4,No
198,M-11BR,M CVAD PE,D,NOR habituation,1,Bottom OF,Back,600.0,29,20.3,No,38,22.3,No,49,45.0,No
199,F-10R,F SAL EE,A,NOR training,1,Top OF,Front,300.0,22,23.4,No,19,18.3,No,26,30.5,No
200,F-10G,F SAL EE,A,NOR training,1,Bottom OF,Front,300.0,17,22.7,No,14,13.6,No,36,53.8,No
201,F-10B,F SAL EE,A,NOR training,1,Top OF,Back,300.0,23,29.3,No,31,50.5,No,17,11.0,No
202,F-10RG,F SAL EE,A,NOR training,1,Bottom OF,Back,300.0,28,26.6,No,21,15.6,No,18,18.5,No
203,F-10RB,F SAL EE,A,NOR training,1,Top OF,Front,300.0,16,18.8,No,10,9.3,No,13,39.7,No
204,F-10GR,F SAL EE,A,NOR training,1,Bottom OF,Front,300.0,37,52.3,No,24,32.1,No,18,20.5,No
205,F-10BR,F SAL EE,A,NOR training,1,Top OF,Back,300.0,13,14.6,No,10,9.7,No,12,12.3,No
206,F-10RGR,F SAL EE,A,NOR training,1,Bottom OF,Back,300.0,7,12.0,No,12,7.5,No,34,93.4,No
207,F-09BR,F CVAD EE,B,NOR training,1,Top OF,Front,300.0,15,19.9,No,22,23.6,No,15,31.3,No
208,F-09RGR,F CVAD EE,B,NOR training,1,Bottom OF,Front,300.0,17,12.1,No,31,31.8,No,18,22.7,No
209,F-10R,F SAL EE,A,NOR test,1,Top OF,Front,300.0,23,29.4,No,16,20.8,No,6,9.8,No
210,F-10G,F SAL EE,A,NOR test,1,Bottom OF,Front,300.0,14,22.4,No,25,31.9,No,21,48.8,No
211,F-10B,F SAL EE,A,NOR test,1,Top OF,Back,300.0,29,43.3,No,25,48.7,No,8,5.1,No
212,F-10RG,F SAL EE,A,NOR test,1,Bottom OF,Back,300.0,14,14.7,No,14,9.0,No,23,98.2,No
213,F-10RB,F SAL EE,A,NOR test,1,Top OF,Front,300.0,13,11.2,No,12,20.1,No,54,66.6,No
214,F-10GR,F SAL EE,A,NOR test,1,Bottom OF,Front,300.0,51,78.1,No,20,31.5,No,6,8.1,No
215,F-10BR,F SAL EE,A,NOR test,1,Top OF,Back,300.0,27,50.1,No,16,19.7,No,33,52.3,No
216,F-10RGR,F SAL EE,A,NOR test,1,Bottom OF,Back,300.0,1,0.7,No,0,0.0,No,21,102.7,No
217,F-09BR,F CVAD EE,B,NOR test,1,Top OF,Front,300.0,14,22.9,No,28,48.6,No,20,32.0,No
218,F-09RGR,F CVAD EE,B,NOR test,1,Bottom OF,Front,300.0,15,13.8,No,48,63.9,No,27,19.1,No
219,M-12RG,M CVAD EE,H,NOR training,1,Top OF,Back,300.0,12,4.5,No,16,7.7,No,32,73.3,No
220,M-12RB,M CVAD EE,H,NOR training,1,Bottom OF,Back,300.0,13,11.6,No,8,9.4,No,36,30.2,No
221,M-12GR,M CVAD EE,H,NOR training,1,Top OF,Front,300.0,13,14.5,No,12,10.7,No,39,86.3,No
222,M-11R,M CVAD PE,D,NOR training,1,Bottom OF,Front,300.0,10,7.3,No,18,17.9,No,10,12.6,No
223,M-11G,M CVAD PE,D,NOR training,1,Top OF,Back,300.0,26,26.4,No,22,29.3,No,23,34.7,No
224,M-11B,M CVAD PE,D,NOR training,1,Bottom OF,Back,300.0,24,24.3,No,24,27.0,No,23,24.6,No
225,M-11RG,M CVAD PE,D,NOR training,1,Top OF,Front,300.0,10,5.4,No,43,47.4,No,13,22.5,No
226,M-11RB,M CVAD PE,D,NOR training,1,Bottom OF,Front,300.0,18,25.4,No,19,31.3,No,21,17.4,No
227,M-11GR,M CVAD PE,D,NOR training,1,Top OF,Back,300.0,24,22.2,No,22,23.3,No,27,38.7,No
228,M-11BR,M CVAD PE,D,NOR training,1,Bottom OF,Back,300.0,43,53.8,No,13,11.3,No,19,22.1,No
229,M-12RG,M CVAD EE,H,NOR test,1,Top OF,Back,300.0,24,25.5,No,37,58.4,No,23,22.4,No
230,M-12RB,M CVAD EE,H,NOR test,1,Bottom OF,Back,300.0,2,0.7,No,1,2.3,No,18,246.8,No
231,M-12GR,M CVAD EE,H,NOR test,1,Top OF,Front,300.0,25,12.6,No,0,0.0,No,0,0.0,No
232,M-11R,M CVAD PE,D,NOR test,1,Bottom OF,Front,300.0,7,5.2,No,19,20.6,No,13,73.8,No
233,M-11G,M CVAD PE,D,NOR test,1,Top OF,Back,300.0,23,41.1,No,23,38.1,No,10,18.8,No
234,M-11B,M CVAD PE,D,NOR test,1,Bottom OF,Back,300.0,14,15.2,No,30,61.6,No,15,34.6,No
235,M-11RG,M CVAD PE,D,NOR test,1,Top OF,Front,300.0,20,31.9,No,22,34.7,No,11,38.9,No
236,M-11RB,M CVAD PE,D,NOR test,1,Bottom OF,Front,300.0,12,24.8,No,19,28.9,No,28,57.8,No
237,M-11GR,M CVAD PE,D,NOR test,1,Top OF,Back,300.0,12,10.5,No,9,23.9,No,5,12.1,No
238,M-11BR,M CVAD PE,D,NOR test,1,Bottom OF,Back,300.0,17,23.3,No,15,30.7,No,22,46.5,No
239,F-11.2_R,F SAL PE,E,NOR habituation,1,Top OF,Front,600.0,18,30.1,No,17,14.4,No,39,63.8,No
240,F-11.2_G,F SAL PE,E,NOR habituation,1,Bottom OF,Front,600.0,17,16.4,No,12,9.2,No,10,4.8,No
241,F-11.2_B,F SAL PE,E,NOR habituation,1,Top OF,Back,600.0,27,11.7,No,49,33.4,No,27,23.3,No
242,F-11.2_RG,F SAL PE,E,NOR habituation,1,Bottom OF,Back,600.0,23,19.6,No,27,15.1,No,51,85.2,No
243,F-11.2_RB,F SAL PE,E,NOR habituation,1,Top OF,Front,600.0,28,14.7,No,27,18.9,No,44,41.4,No
244,F-11.3_R,F SAL PE,E,NOR habituation,1,Bottom OF,Front,600.0,42,24.8,No,43,25.2,No,48,40.3,No
245,F-11.3_B,F SAL PE,E,NOR habituation,1,Bottom OF,Back,600.0,18,9.1,No,21,27.8,No,65,141.1,No
246,F-11.3_G,F SAL PE,E,NOR habituation,1,Top OF,Back,600.0,28,16.1,No,34,34.4,No,36,34.7,No
247,F-11.3_RG,F SAL PE,E,NOR habituation,1,Top OF,Front,600.0,32,26.3,No,28,19.9,No,50,43.8,No
248,F-11.3_RB,F SAL PE,E,NOR habituation,1,Bottom OF,Front,600.0,19,7.5,No,54,31.7,No,54,61.0,No
249,F-12_R,F SAL EE,A,NOR habituation,1,Top OF,Back,600.0,33,17.1,No,47,35.9,No,53,35.3,No
250,F-12_G,F SAL EE,A,NOR habituation,1,Bottom OF,Back,600.0,48,28.1,No,49,30.9,No,56,50.0,No
251,F-12_B,F SAL EE,A,NOR habituation,1,Top OF,Front,600.0,53,31.4,No,41,13.6,No,67,39.1,No
252,F-12_RG,F SAL EE,A,NOR habituation,1,Bottom OF,Front,600.0,12,13.8,No,53,67.3,No,22,33.4,No
253,F-12_RB,F SAL EE,A,NOR habituation,1,Top OF,Back,600.0,26,13.4,No,20,22.6,No,37,36.6,No
254,F-12_GR,F SAL EE,A,NOR habituation,1,Bottom OF,Back,600.0,32,42.4,No,33,29.8,No,33,49.2,No
255,F-12_BR,F SAL EE,A,NOR habituation,1,Top OF,Front,600.0,22,16.0,No,38,26.9,No,50,53.0,No
256,F-13.2_R,F CVAD PE,F,NOR habituation,1,Bottom OF,Front,600.0,23,24.7,No,38,36.7,No,35,47.6,No
257,F-13.2_G,F CVAD PE,F,NOR habituation,1,Top OF,Back,600.0,51,76.2,No,25,10.1,No,21,16.0,No
258,F-13.2_B,F CVAD PE,F,NOR habituation,1,Bottom OF,Back,600.0,17,16.8,No,11,16.2,No,26,22.6,No
259,F-14_R,F CVAD EE,B,NOR habituation,1,Bottom OF,Front,600.0,24,27.6,No,31,26.4,No,22,26.8,No
260,F-13.2_RG,F CVAD PE,F,NOR habituation,1,Top OF,Front,600.0,6,15.7,No,40,61.6,No,37,45.2,No
261,F-14_G,F CVAD EE,B,NOR habituation,1,Top OF,Back,600.0,14,15.7,No,40,67.3,No,34,52.5,No
262,F-14_B,F CVAD EE,B,NOR habituation,1,Bottom OF,Back,600.0,44,30.7,No,30,25.6,No,34,24.6,No
263,M-13_R,M SAL PE,C,NOR habituation,1,Bottom OF,Front,600.0,32,12.0,No,34,30.9,No,32,36.4,No
264,F-14_RG,F CVAD EE,B,NOR habituation,1,Top OF,Front,600.0,27,23.4,No,47,36.4,No,39,32.1,No
265,M-13_G,M SAL PE,C,NOR habituation,1,Top OF,Back,600.0,45,15.6,No,31,26.4,No,29,15.5,No
266,M-14_R,M SAL EE,G,NOR habituation,1,Bottom OF,Back,600.0,58,28.9,No,43,35.5,No,41,25.0,No
267,M-14_G,M SAL EE,G,NOR habituation,1,Top OF,Front,600.0,17,22.6,No,40,27.0,No,44,33.6,No
268,M-14_B,M SAL EE,G,NOR habituation,1,Bottom OF,Front,600.0,29,19.1,No,49,37.5,No,35,32.8,No
269,M-14_RG,M SAL EE,G,NOR habituation,1,Top OF,Front,600.0,41,24.9,No,40,22.8,No,46,25.0,No
270,M-15.2_R,M CVAD PE,D,NOR habituation,1,Bottom OF,Front,600.0,9,13.1,No,20,15.8,No,43,284.8,No
271,M-16_R,M CVAD EE,H,NOR habituation,1,Top OF,Back,600.0,22,12.6,No,51,64.7,No,32,24.3,No
272,M-16_G,M CVAD EE,H,NOR habituation,1,Bottom OF,Back,600.0,32,23.7,No,24,23.4,No,47,64.7,No
273,M-16_B,M CVAD EE,H,NOR habituation,1,Top OF,Front,600.0,30,30.3,No,33,22.6,No,29,31.3,No
274,F-11.2_R,F SAL PE,E,NOR training,1,Top OF,Front,300.0,20,45.5,No,24,27.9,No,18,18.0,No
275,F-11.2_G,F SAL PE,E,NOR training,1,Bottom OF,Front,300.0,14,11.1,No,6,4.2,No,9,9.6,No
276,F-11.2_B,F SAL PE,E,NOR training,1,Top OF,Back,300.0,50,53.8,No,30,43.2,No,21,8.8,No
277,F-11.2_RG,F SAL PE,E,NOR training,1,Bottom OF,Back,300.0,25,32.4,No,14,21.1,No,22,21.3,No
278,F-11.2_RB,F SAL PE,E,NOR training,1,Top OF,Front,300.0,20,22.8,No,39,50.9,No,13,8.8,No
279,F-11.3_R,F SAL PE,E,NOR training,1,Bottom OF,Front,300.0,24,51.0,No,24,29.8,No,18,28.6,No
280,F-11.3_G,F SAL PE,E,NOR training,1,Top OF,Back,300.0,50,71.2,No,17,23.2,No,24,22.1,No
281,F-11.3_B,F SAL PE,E,NOR training,1,Bottom OF,Back,300.0,19,17.4,No,10,8.9,No,39,79.2,No
282,F-11.3_RG,F SAL PE,E,NOR training,1,Top OF,Front,300.0,18,24.7,No,31,41.9,No,20,19.4,No
283,F-11.3_RB,F SAL PE,E,NOR training,1,Bottom OF,Front,300.0,24,24.9,No,26,20.8,No,26,25.2,No
284,F-12_R,F SAL EE,A,NOR training,1,Top OF,Back,300.0,42,63.3,No,20,25.7,No,17,21.3,No
285,F-12_G,F SAL EE,A,NOR training,1,Bottom OF,Back,300.0,34,33.1,No,31,33.7,No,38,35.1,No
286,F-12_B,F SAL EE,A,NOR training,1,Top OF,Front,300.0,18,29.5,No,37,77.7,No,23,14.6,No
287,F-12_RG,F SAL EE,A,NOR training,1,Bottom OF,Front,300.0,20,20.0,No,38,35.8,No,21,32.9,No
288,F-12_GR,F SAL EE,A,NOR training,1,Bottom OF,Back,300.0,31,22.1,No,30,28.9,No,19,13.5,No
289,F-12_RB,F SAL EE,A,NOR training,1,Top OF,Back,300.0,32,43.4,No,30,42.3,No,17,25.7,No
290,F-11.2_R,F SAL PE,E,NOR test,1,Top OF,Front,300.0,13,18.8,No,9,14.8,No,5,19.2,No
291,F-11.2_G,F SAL PE,E,NOR test,1,Bottom OF,Front,300.0,9,13.0,No,12,50.4,No,6,7.4,No
292,F-11.2_B,F SAL PE,E,NOR test,1,Top OF,Back,300.0,38,48.5,No,30,45.4,No,7,6.1,No
293,F-11.2_RG,F SAL PE,E,NOR test,1,Bottom OF,Back,300.0,22,32.6,No,17,31.4,No,20,36.8,No
294,F-11.2_RB,F SAL PE,E,NOR test,1,Top OF,Front,300.0,17,30.3,No,28,44.6,No,14,28.6,No
295,F-11.3_R,F SAL PE,E,NOR test,1,Bottom OF,Front,300.0,28,48.2,No,20,29.6,No,20,21.3,No
296,F-11.3_G,F SAL PE,E,NOR test,1,Top OF,Back,300.0,23,59.1,No,21,27.3,No,20,17.4,No
297,F-11.3_B,F SAL PE,E,NOR test,1,Bottom OF,Back,300.0,12,9.2,No,19,21.1,No,44,72.5,No
298,F-11.3_RG,F SAL PE,E,NOR test,1,Top OF,Front,300.0,16,37.2,No,19,29.7,No,19,31.3,No
299,F-11.3_RB,F SAL PE,E,NOR test,1,Bottom OF,Front,300.0,23,26.6,No,25,34.4,No,11,17.4,No
300,F-12_R,F SAL EE,A,NOR test,1,Top OF,Back,300.0,21,44.3,No,16,20.8,No,26,51.9,No
301,F-12_G,F SAL EE,A,NOR test,1,Bottom OF,Back,300.0,55,47.4,No,17,25.5,No,9,9.5,No
302,F-12_B,F SAL EE,A,NOR test,1,Top OF,Front,300.0,21,49.9,No,31,57.7,No,18,9.5,No
303,F-12_RG,F SAL EE,A,NOR test,1,Bottom OF,Front,300.0,30,38.9,No,25,37.7,No,16,33.3,No
304,F-12_RB,F SAL EE,A,NOR test,1,Top OF,Back,300.0,50,77.9,No,17,29.4,No,16,8.5,No
305,F-12_GR,F SAL EE,A,NOR test,1,Bottom OF,Back,300.0,30,40.7,No,20,39.9,No,15,30.8,No
306,F-12_BR,F SAL EE,A,NOR training,1,Top OF,Front,300.0,10,26.2,No,46,85.9,No,17,11.9,No
307,F-13.2_R,F CVAD PE,F,NOR training,1,Bottom OF,Front,300.0,12,12.7,No,13,10.5,No,7,14.5,No
308,F-13.2_G,F CVAD PE,F,NOR training,1,Top OF,Back,300.0,30,19.8,No,11,7.2,No,30,64.3,No
309,F-13.2_B,F CVAD PE,F,NOR training,1,Bottom OF,Back,300.0,10,23.3,No,21,36.4,No,9,17.9,No
310,F-13.2_RG,F CVAD PE,F,NOR training,1,Top OF,Front,300.0,2,2.3,No,29,36.3,No,18,25.3,No
311,F-14_R,F CVAD EE,B,NOR training,1,Bottom OF,Front,300.0,10,15.0,No,23,27.0,No,20,44.3,No
312,F-14_G,F CVAD EE,B,NOR training,1,Top OF,Back,300.0,21,19.4,No,17,17.8,No,45,66.4,No
313,F-14_B,F CVAD EE,B,NOR training,1,Bottom OF,Back,300.0,25,19.1,No,25,19.0,No,21,21.8,No
314,M-13_R,M SAL PE,C,NOR training,1,Bottom OF,Front,300.0,25,31.1,No,56,42.8,No,17,14.7,No
315,F-14_RG,F CVAD EE,B,NOR training,1,Top OF,Front,300.0,19,25.3,No,33,56.5,No,7,13.9,No
316,M-13_G,M SAL PE,C,NOR training,1,Top OF,Back,300.0,28,28.4,No,17,14.2,No,23,24.4,No
317,M-14_R,M SAL EE,G,NOR training,1,Bottom OF,Back,300.0,7,17.3,No,66,94.3,No,8,6.3,No
318,M-14_G,M SAL EE,G,NOR training,1,Top OF,Front,300.0,13,14.4,No,30,49.2,No,11,7.0,No
319,M-14_B,M SAL EE,G,NOR training,1,Bottom OF,Front,300.0,27,28.0,No,27,32.4,No,19,30.7,No
320,M-14_RG,M SAL EE,G,NOR training,1,Top OF,Front,300.0,30,41.0,No,41,57.0,No,19,16.7,No
321,M-15.2_R,M CVAD PE,D,NOR training,1,Bottom OF,Front,300.0,49,33.1,No,6,4.3,No,11,40.6,No
322,M-16_G,M CVAD EE,H,NOR training,1,Bottom OF,Back,300.0,20,24.6,No,35,70.2,No,18,42.9,No
323,M-16_R,M CVAD EE,H,NOR training,1,Top OF,Back,300.0,33,60.4,No,28,63.8,No,6,4.4,No
324,F-13.2_R,F CVAD PE,F,NOR test,1,Bottom OF,Front,300.0,31,28.5,No,11,17.1,No,10,32.0,No
325,M-16_B,M CVAD EE,H,NOR training,1,Top OF,Front,300.0,18,27.2,No,51,67.4,No,15,11.6,No
326,F-12_BR,F SAL EE,A,NOR test,1,Top OF,Front,300.0,7,16.3,No,52,101.9,No,7,5.2,No
327,F-13.2_B,F CVAD PE,F,NOR test,1,Bottom OF,Back,300.0,10,39.6,No,20,57.8,No,14,23.7,No
328,F-13.2_G,F CVAD PE,F,NOR test,1,Top OF,Back,300.0,28,21.8,No,20,65.4,No,19,35.5,No
329,F-14_R,F CVAD EE,B,NOR test,1,Bottom OF,Front,300.0,19,30.8,No,21,27.7,No,11,10.7,No
330,F-13.2_RG,F CVAD PE,F,NOR test,1,Top OF,Front,300.0,3,2.8,No,63,72.3,No,9,25.7,No
331,F-14_B,F CVAD EE,B,NOR test,1,Bottom OF,Back,300.0,31,32.0,No,18,26.7,No,18,35.2,No
332,F-14_G,F CVAD EE,B,NOR test,1,Top OF,Back,300.0,32,70.3,No,17,34.7,No,8,28.7,No
333,M-13_R,M SAL PE,C,NOR test,1,Bottom OF,Front,300.0,9,12.5,No,21,58.4,No,8,12.5,No
334,F-14_RG,F CVAD EE,B,NOR test,1,Top OF,Front,300.0,18,37.0,No,21,43.8,No,13,10.7,No
335,M-14_R,M SAL EE,G,NOR test,1,Bottom OF,Back,300.0,12,16.0,No,54,93.0,No,6,3.6,No
336,M-13_G,M SAL PE,C,NOR test,1,Top OF,Back,300.0,26,25.6,No,35,60.4,No,21,14.5,No
337,M-14_B,M SAL EE,G,NOR test,1,Bottom OF,Front,300.0,11,13.0,No,14,20.9,No,8,6.5,No
338,M-15.2_R,M CVAD PE,D,NOR test,1,Bottom OF,Front,300.0,57,105.8,No,4,3.0,No,5,11.9,No
339,M-14_G,M SAL EE,G,NOR test,1,Top OF,Front,300.0,22,55.6,No,25,34.8,No,15,13.2,No
340,M-16_G,M CVAD EE,H,NOR test,1,Bottom OF,Back,300.0,16,17.0,No,53,92.2,No,5,6.4,No
341,M-14_RG,M SAL EE,G,NOR test,1,Top OF,Front,300.0,36,63.1,No,28,25.4,No,16,11.1,No
342,#120,M CVAD EE,H,NOR habituation,1,Bottom OF,Front,0.0,0,0.0,No,0,0.0,No,0,0.0,No
343,M-16_R,M CVAD EE,H,NOR test,1,Top OF,Back,300.0,34,60.3,No,16,46.5,No,15,7.7,No
344,M-16_B,M CVAD EE,H,NOR test,1,Top OF,Front,300.0,11,14.5,No,44,68.7,No,17,10.1,No
