Test,Animal,Treatment,Code,Stage,Trial,Apparatus,Time,Distance (m),S1 : time (s),E/S2 : time (s)
1,F-01BR,F SAL EE,C,HABITUATION,1,SPSN1,13:39,11.365,89.5,79.0
5,F-01BR,F SAL EE,C,S1,1,SPSN1,13:51,9.946,199.6,146.5
9,F-01BR,F SAL EE,C,S1-S2,1,SPSN1,14:03,12.583,172.3,172.5
27,F-02B,F CVAD EE,D,HABITUATION,1,SPSN3,15:02,9.204,72.4,117.0
28,F-02RG,F CVAD EE,D,HABITUATION,1,SPSN4,15:02,13.646,74.4,90.6
29,F-02RG,F CVAD EE,D,S1,1,SPSN4,15:08,13.551,243.5,174.0
30,F-02B,F CVAD EE,D,S1,1,SPSN3,15:08,11.370,275.7,79.0
35,F-02B,F CVAD EE,D,S1-S2,1,SPSN3,15:19,10.359,172.4,216.8
36,F-02RG,F CVAD EE,D,S1-S2,1,SPSN4,15:19,14.254,190.3,229.9
37,F-02RB,F CVAD EE,D,HABITUATION,1,SPSN1,15:41,12.663,103.6,78.1
38,F-02GR,F CVAD EE,D,HABITUATION,1,SPSN2,15:41,10.537,70.5,75.9
39,F-02BR,F CVAD EE,D,HABITUATION,1,SPSN3,15:41,10.193,107.9,117.2
40,F-04BR,F CVAD EE,D,HABITUATION,1,SPSN4,15:41,9.533,84.7,108.0
41,F-02RB,F CVAD EE,D,S1,1,SPSN1,15:47,17.210,251.3,123.6
42,F-02GR,F CVAD EE,D,S1,1,SPSN2,15:47,14.619,176.0,86.2
43,F-02BR,F CVAD EE,D,S1,1,SPSN3,15:47,17.261,233.2,167.8
44,F-04BR,F CVAD EE,D,S1,1,SPSN4,15:47,9.157,158.7,121.4
45,F-02RB,F CVAD EE,D,S1-S2,1,SPSN1,15:57,16.485,128.2,184.6
46,F-04BR,F CVAD EE,D,S1-S2,1,SPSN4,15:57,9.417,264.3,121.9
47,F-02GR,F CVAD EE,D,S1-S2,1,SPSN2,15:58,16.465,123.0,127.9
48,F-02BR,F CVAD EE,D,S1-S2,1,SPSN3,15:58,17.155,185.1,151.7
49,F-04RGR,F CVAD EE,D,HABITUATION,1,SPSN1,16:17,7.209,83.5,71.2
50,M-02R,M SAL PE,B,HABITUATION,1,SPSN2,16:17,10.622,93.6,110.7
51,M-02G,M SAL PE,B,HABITUATION,1,SPSN3,16:17,8.016,107.0,73.5
52,M-02B,M SAL PE,B,HABITUATION,1,SPSN4,16:17,10.912,129.4,83.8
53,F-04RGR,F CVAD EE,D,S1,1,SPSN1,16:23,9.886,231.6,126.4
54,M-02R,M SAL PE,B,S1,1,SPSN2,16:23,12.921,175.7,223.0
55,M-02G,M SAL PE,B,S1,1,SPSN3,16:23,6.846,359.7,91.9
56,M-02B,M SAL PE,B,S1,1,SPSN4,16:23,15.692,246.5,128.3
57,F-04RGR,F CVAD EE,D,S1-S2,1,SPSN1,16:34,8.271,206.5,226.6
58,M-02R,M SAL PE,B,S1-S2,1,SPSN2,16:34,8.887,86.4,268.2
59,M-02G,M SAL PE,B,S1-S2,1,SPSN3,16:34,6.803,295.3,159.7
60,M-02B,M SAL PE,B,S1-S2,1,SPSN4,16:34,10.641,196.3,200.5
61,M-02RG,M SAL PE,B,HABITUATION,1,SPSN1,16:55,10.157,114.7,82.3
62,M-03G,M SAL PE,B,HABITUATION,1,SPSN2,16:55,11.324,102.7,91.3
63,M-03R,M SAL PE,B,HABITUATION,1,SPSN3,16:55,8.165,77.4,98.8
64,M-03B,M SAL PE,B,HABITUATION,1,SPSN4,16:55,10.166,101.6,86.8
65,M-02RG,M SAL PE,B,S1,1,SPSN1,17:02,15.750,218.7,173.3
66,M-03G,M SAL PE,B,S1,1,SPSN2,17:02,17.310,215.1,151.8
67,M-03R,M SAL PE,B,S1,1,SPSN3,17:02,8.724,187.8,185.7
68,M-03B,M SAL PE,B,S1,1,SPSN4,17:02,11.544,211.9,182.6
69,M-02RG,M SAL PE,B,S1-S2,1,SPSN1,17:12,15.104,200.0,140.0
70,M-03G,M SAL PE,B,S1-S2,1,SPSN2,17:13,13.230,274.7,104.1
71,M-03R,M SAL PE,B,S1-S2,1,SPSN3,17:13,9.091,140.5,210.1
72,M-03B,M SAL PE,B,S1-S2,1,SPSN4,17:13,9.812,198.4,159.7
73,M-03RG,M SAL PE,B,HABITUATION,1,SPSN1,17:30,10.720,109.6,92.2
74,M-03RB,M SAL PE,B,HABITUATION,1,SPSN2,17:30,9.267,118.5,83.8
75,M-03GR,M SAL PE,B,HABITUATION,1,SPSN3,17:31,10.607,92.1,121.6
76,M-01G,M CVAD PE,A,HABITUATION,1,SPSN4,17:31,7.923,89.0,116.5
77,M-03RG,M SAL PE,B,S1,1,SPSN1,17:36,18.676,186.4,153.2
78,M-03RB,M SAL PE,B,S1,1,SPSN2,17:36,14.495,199.7,184.4
79,M-03GR,M SAL PE,B,S1,1,SPSN3,17:36,12.234,240.2,152.6
80,M-01G,M CVAD PE,A,S1,1,SPSN4,17:36,7.040,422.9,73.5
81,M-03RG,M SAL PE,B,S1-S2,1,SPSN1,17:47,15.485,123.3,194.5
82,M-03RB,M SAL PE,B,S1-S2,1,SPSN2,17:47,15.383,148.1,180.0
83,M-03GR,M SAL PE,B,S1-S2,1,SPSN3,17:47,10.259,185.9,201.3
84,M-01G,M CVAD PE,A,S1-S2,1,SPSN4,17:47,8.648,159.8,275.3
85,M-01B,M CVAD PE,A,HABITUATION,1,SPSN1,18:06,6.533,145.5,59.3
86,M-04R,M CVAD PE,A,HABITUATION,1,SPSN2,18:06,0.217,0.0,287.2
87,M-01B,M CVAD PE,A,S1,1,SPSN1,18:12,2.264,562.2,7.5
88,M-04R,M CVAD PE,A,S1,1,SPSN2,18:12,1.669,213.2,361.4
89,M-01B,M CVAD PE,A,S1-S2,1,SPSN1,18:22,6.036,371.7,176.0
90,M-04R,M CVAD PE,A,S1-S2,1,SPSN2,18:22,2.445,394.8,165.3
91,F-06B,F SAL PE,F,HABITUATION,1,SPSN2,14:57,11.052,64.8,103.6
92,F-05RB,F SAL PE,F,HABITUATION,1,SPSN1,14:57,9.698,93.7,91.7
93,F-05B,F SAL PE,F,HABITUATION,1,SPSN3,14:57,12.362,102.6,91.6
94,F-05RG,F SAL PE,F,HABITUATION,1,SPSN4,14:57,7.881,117.9,91.8
95,F-05RB,F SAL PE,F,S1,1,SPSN1,15:05,13.093,141.9,271.8
96,F-06B,F SAL PE,F,S1,1,SPSN2,15:05,10.783,97.8,352.4
97,F-05B,F SAL PE,F,S1,1,SPSN3,15:05,14.918,206.6,195.3
98,F-05RG,F SAL PE,F,S1,1,SPSN4,15:05,6.149,82.2,296.5
99,F-05B,F SAL PE,F,S1-S2,1,SPSN3,15:16,13.990,164.2,206.0
100,F-05RG,F SAL PE,F,S1-S2,1,SPSN4,15:16,5.468,136.3,137.5
101,F-06B,F SAL PE,F,S1-S2,1,SPSN2,15:17,8.449,136.2,287.8
102,F-05RB,F SAL PE,F,S1-S2,1,SPSN1,15:17,12.894,157.3,210.4
103,F-06GR,F SAL PE,F,HABITUATION,1,SPSN1,15:37,9.103,100.1,83.4
104,F-07R,F CVAD PE,H,HABITUATION,1,SPSN2,15:37,5.601,51.1,134.1
105,F-06RG,F SAL PE,F,HABITUATION,1,SPSN3,15:37,8.725,122.9,87.2
106,F-06RB,F SAL PE,F,HABITUATION,1,SPSN4,15:37,0.201,0.0,297.5
107,F-06RG,F SAL PE,F,S1,1,SPSN3,15:43,10.510,330.0,149.0
108,F-06RB,F SAL PE,F,S1,1,SPSN4,15:43,15.242,210.1,209.5
109,F-06GR,F SAL PE,F,S1,1,SPSN1,15:43,7.837,380.7,76.0
110,F-07R,F CVAD PE,H,S1,1,SPSN2,15:43,10.609,292.7,102.1
111,F-06RG,F SAL PE,F,S1-S2,1,SPSN3,15:54,9.793,148.8,340.6
112,F-06RB,F SAL PE,F,S1-S2,1,SPSN4,15:54,15.065,151.8,222.7
113,F-06GR,F SAL PE,F,S1-S2,1,SPSN1,15:54,7.733,165.6,278.3
114,F-07R,F CVAD PE,H,S1-S2,1,SPSN2,15:54,11.571,155.5,177.6
115,F-07RBR,F CVAD PE,H,HABITUATION,1,SPSN1,16:10,8.145,94.2,102.9
116,F-07BRB,F CVAD PE,H,HABITUATION,1,SPSN2,16:10,13.020,58.5,117.5
117,F-08R,F CVAD PE,H,HABITUATION,1,SPSN3,16:10,9.048,100.5,107.6
118,F-07RGR,F CVAD PE,H,HABITUATION,1,SPSN4,16:10,3.712,137.6,105.0
119,F-07BRB,F CVAD PE,H,S1,1,SPSN2,16:16,13.978,233.9,157.8
120,F-07RGR,F CVAD PE,H,S1,1,SPSN4,16:16,11.207,357.4,82.0
121,F-08R,F CVAD PE,H,S1,1,SPSN3,16:16,8.234,290.4,126.1
122,F-07RBR,F CVAD PE,H,S1,1,SPSN1,16:16,11.263,239.0,169.0
123,F-07RBR,F CVAD PE,H,S1-S2,1,SPSN1,16:27,11.388,152.0,245.2
124,F-07RGR,F CVAD PE,H,S1-S2,1,SPSN4,16:27,10.546,259.2,127.8
125,F-08R,F CVAD PE,H,S1-S2,1,SPSN3,16:27,6.470,169.5,159.0
126,F-07BRB,F CVAD PE,H,S1-S2,1,SPSN2,16:27,15.306,133.9,142.6
127,F-08B,F CVAD PE,H,HABITUATION,1,SPSN1,16:45,8.291,104.6,80.8
128,F-8RG,F CVAD PE,H,HABITUATION,1,SPSN2,16:45,0.056,3.3,0.0
129,F-08G,F CVAD PE,H,HABITUATION,1,SPSN4,16:46,0.000,0.0,5.1
130,F-08RB,F CVAD PE,H,HABITUATION,1,SPSN3,16:46,11.910,86.6,103.2
131,F-8RG,F CVAD PE,H,S1,1,SPSN2,16:52,9.726,338.9,106.7
132,F-08G,F CVAD PE,H,S1,1,SPSN4,16:53,12.321,288.4,140.0
133,F-08RB,F CVAD PE,H,S1,1,SPSN3,16:53,7.834,436.6,36.1
134,F-08B,F CVAD PE,H,S1,1,SPSN1,16:53,7.731,330.4,76.2
135,F-08B,F CVAD PE,H,S1-S2,1,SPSN1,17:04,10.251,169.9,197.8
136,F-08RB,F CVAD PE,H,S1-S2,1,SPSN3,17:04,6.408,153.2,305.9
137,F-08G,F CVAD PE,H,S1-S2,1,SPSN4,17:04,8.371,143.7,288.5
138,F-8RG,F CVAD PE,H,S1-S2,1,SPSN2,17:04,10.503,244.9,193.5
139,M-07GR,M SAL EE,E,HABITUATION,1,SPSN1,17:23,11.975,117.3,84.6
140,M-07BR,M SAL EE,E,HABITUATION,1,SPSN2,17:23,0.000,3.5,0.0
141,M-07RB,M SAL EE,E,HABITUATION,1,SPSN4,17:23,0.559,27.8,272.2
142,M-09R,M SAL EE,E,HABITUATION,1,SPSN3,17:23,12.960,70.5,80.1
143,M-07RB,M SAL EE,E,S1,1,SPSN4,17:29,12.385,249.0,95.5
144,M-07GR,M SAL EE,E,S1,1,SPSN1,17:29,10.766,388.8,101.3
145,M-07BR,M SAL EE,E,S1,1,SPSN2,17:29,7.880,379.4,55.1
146,M-09R,M SAL EE,E,S1,1,SPSN3,17:29,14.085,137.4,159.4
147,M-09R,M SAL EE,E,S1-S2,1,SPSN3,17:40,6.469,191.7,150.9
148,M-07RB,M SAL EE,E,S1-S2,1,SPSN4,17:40,5.682,177.5,264.6
149,M-07GR,M SAL EE,E,S1-S2,1,SPSN1,17:40,9.006,236.4,214.0
150,M-07BR,M SAL EE,E,S1-S2,1,SPSN2,17:40,7.445,175.2,186.8
151,M-09B,M SAL EE,E,HABITUATION,1,SPSN1,17:58,11.916,69.9,113.4
152,M-09RG,M SAL EE,E,HABITUATION,1,SPSN2,17:58,10.963,118.6,74.7
153,M-08GR,M CVAD EE,G,HABITUATION,1,SPSN3,17:58,12.409,78.8,86.3
154,M-08B,M CVAD EE,G,HABITUATION,1,SPSN4,17:58,0.000,0.0,300.0
155,M-09B,M SAL EE,E,S1,1,SPSN1,18:03,11.976,294.2,90.5
156,M-09RG,M SAL EE,E,S1,1,SPSN2,18:04,8.836,362.6,80.3
157,M-08B,M CVAD EE,G,S1,1,SPSN4,18:04,12.798,279.8,81.3
158,M-08GR,M CVAD EE,G,S1,1,SPSN3,18:04,15.590,220.5,144.1
159,M-09B,M SAL EE,E,S1-S2,1,SPSN1,18:15,9.361,142.9,204.2
160,M-09RG,M SAL EE,E,S1-S2,1,SPSN2,18:15,6.996,248.6,192.2
161,M-08GR,M CVAD EE,G,S1-S2,1,SPSN3,18:15,15.331,195.6,143.1
162,M-08B,M CVAD EE,G,S1-S2,1,SPSN4,18:15,11.644,170.6,161.7
163,M-10R,M CVAD EE,G,HABITUATION,1,SPSN1,18:34,10.506,74.1,84.1
164,M-10BR,M CVAD EE,G,HABITUATION,1,SPSN2,18:34,0.000,0.0,0.0
165,M-10BRB,M CVAD EE,G,HABITUATION,1,SPSN3,18:34,13.255,89.6,71.7
166,M-06B,M CVAD PE,A,HABITUATION,1,SPSN4,18:34,0.000,0.0,299.8
167,M-10R,M CVAD EE,G,S1,1,SPSN1,18:40,9.424,395.7,53.2
168,M-10BR,M CVAD EE,G,S1,1,SPSN2,18:40,10.747,346.0,63.7
169,M-10BRB,M CVAD EE,G,S1,1,SPSN3,18:40,11.665,163.6,119.8
170,M-06B,M CVAD PE,A,S1,1,SPSN4,18:40,9.101,375.9,67.4
171,M-10R,M CVAD EE,G,S1-S2,1,SPSN1,18:50,8.703,138.2,257.6
172,M-10BR,M CVAD EE,G,S1-S2,1,SPSN2,18:50,4.807,440.9,42.9
173,M-10BRB,M CVAD EE,G,S1-S2,1,SPSN3,18:51,7.549,155.9,148.4
174,M-06B,M CVAD PE,A,S1-S2,1,SPSN4,18:51,3.371,187.5,283.1
175,M-10GR,M CVAD EE,G,HABITUATION,1,SPSN1,19:05,11.371,69.0,90.3
176,M-10GR,M CVAD EE,G,S1,1,SPSN1,19:10,8.251,267.7,119.8
177,M-10GR,M CVAD EE,G,S1-S2,1,SPSN1,19:21,4.698,351.8,175.9
178,F-10R,F SAL EE,C,HABITUATION,1,SPSN1,15:19,11.020,128.2,90.0
179,F-10G,F SAL EE,C,HABITUATION,1,SPSN2,15:19,15.001,88.2,94.1
180,F-10B,F SAL EE,C,HABITUATION,1,SPSN3,15:19,10.833,90.9,88.2
181,F-10RG,F SAL EE,C,HABITUATION,1,SPSN4,15:19,0.092,298.7,0.0
182,F-10R,F SAL EE,C,S1,1,SPSN1,15:26,11.756,248.2,184.9
183,F-10G,F SAL EE,C,S1,1,SPSN2,15:26,21.421,180.6,212.4
184,F-10B,F SAL EE,C,S1,1,SPSN3,15:26,13.369,195.7,146.2
185,F-10RG,F SAL EE,C,S1,1,SPSN4,15:26,6.105,268.6,149.4
186,F-10B,F SAL EE,C,S1-S2,1,SPSN3,15:36,9.589,257.7,115.1
187,F-10RG,F SAL EE,C,S1-S2,1,SPSN4,15:37,6.035,113.0,255.6
188,F-10R,F SAL EE,C,S1-S2,1,SPSN1,15:37,10.882,281.4,124.4
189,F-10G,F SAL EE,C,S1-S2,1,SPSN2,15:37,23.049,133.3,226.2
190,F-10RB,F SAL EE,C,HABITUATION,1,SPSN1,15:59,9.262,98.7,109.0
191,F-10GR,F SAL EE,C,HABITUATION,1,SPSN2,15:59,12.158,91.5,90.6
192,F-10BR,F SAL EE,C,HABITUATION,1,SPSN3,15:59,11.590,118.9,65.5
193,F-10RGR,F SAL EE,C,HABITUATION,1,SPSN4,15:59,12.364,121.3,80.6
194,F-10RB,F SAL EE,C,S1,1,SPSN1,16:04,10.513,142.7,281.4
195,F-10BR,F SAL EE,C,S1,1,SPSN3,16:04,10.942,170.3,232.3
196,F-10RGR,F SAL EE,C,S1,1,SPSN4,16:04,17.775,242.1,165.8
197,F-10GR,F SAL EE,C,S1,1,SPSN2,16:05,17.123,164.4,229.0
198,F-10RB,F SAL EE,C,S1-S2,1,SPSN1,16:16,2.016,34.9,440.7
199,F-10GR,F SAL EE,C,S1-S2,1,SPSN2,16:16,15.338,196.7,164.6
200,F-10BR,F SAL EE,C,S1-S2,1,SPSN3,16:16,7.023,360.1,107.6
201,F-10RGR,F SAL EE,C,S1-S2,1,SPSN4,16:16,7.246,90.6,329.8
202,F-09BR,F CVAD EE,D,HABITUATION,1,SPSN1,16:38,11.368,76.8,108.6
203,F-09RGR,F CVAD EE,D,HABITUATION,1,SPSN2,16:38,13.570,93.3,96.5
204,M-12RG,M CVAD EE,G,HABITUATION,1,SPSN3,16:39,7.637,78.6,61.9
205,M-12RB,M CVAD EE,G,HABITUATION,1,SPSN4,16:42,2.284,52.5,140.7
206,F-09BR,F CVAD EE,D,S1,1,SPSN1,16:47,8.372,299.2,141.9
207,F-09RGR,F CVAD EE,D,S1,1,SPSN2,16:47,14.383,220.3,183.2
208,M-12RG,M CVAD EE,G,S1,1,SPSN3,16:47,11.957,337.7,69.8
209,M-12RB,M CVAD EE,G,S1,1,SPSN4,16:47,6.733,175.2,290.1
210,F-09BR,F CVAD EE,D,S1-S2,1,SPSN1,16:58,11.404,150.4,272.1
211,F-09RGR,F CVAD EE,D,S1-S2,1,SPSN2,16:58,12.355,169.7,213.5
212,M-12RG,M CVAD EE,G,S1-S2,1,SPSN3,16:58,12.473,248.1,175.6
213,M-12RB,M CVAD EE,G,S1-S2,1,SPSN4,16:58,9.340,193.7,197.4
214,M-12GR,M CVAD EE,G,HABITUATION,1,SPSN1,17:30,7.300,101.5,58.0
215,M-11R,M CVAD PE,A,HABITUATION,1,SPSN2,17:30,8.243,105.4,88.2
216,M-11B,M CVAD PE,A,HABITUATION,1,SPSN4,17:30,9.868,99.4,99.4
217,M-11G,M CVAD PE,A,HABITUATION,1,SPSN3,17:30,9.314,98.6,102.0
218,M-12GR,M CVAD EE,G,S1,1,SPSN1,17:36,13.051,258.7,123.3
219,M-11R,M CVAD PE,A,S1,1,SPSN2,17:36,10.930,273.1,180.2
220,M-11G,M CVAD PE,A,S1,1,SPSN3,17:36,8.167,225.4,140.7
221,M-11B,M CVAD PE,A,S1,1,SPSN4,17:36,7.482,211.7,98.4
222,M-12GR,M CVAD EE,G,S1-S2,1,SPSN1,17:47,12.995,280.1,132.3
223,M-11R,M CVAD PE,A,S1-S2,1,SPSN2,17:47,9.455,180.0,191.0
224,M-11G,M CVAD PE,A,S1-S2,1,SPSN3,17:47,8.528,130.2,345.8
225,M-11B,M CVAD PE,A,S1-S2,1,SPSN4,17:47,11.451,210.6,241.4
226,M-11RG,M CVAD PE,A,HABITUATION,1,SPSN1,18:03,6.267,83.9,126.5
227,M-11RB,M CVAD PE,A,HABITUATION,1,SPSN2,18:03,7.426,98.7,128.1
228,M-11GR,M CVAD PE,A,HABITUATION,1,SPSN3,18:04,6.737,129.1,96.1
229,M-11BR,M CVAD PE,A,HABITUATION,1,SPSN4,18:04,6.265,86.4,113.3
230,M-11RG,M CVAD PE,A,S1,1,SPSN1,18:09,9.716,261.0,171.6
231,M-11RB,M CVAD PE,A,S1,1,SPSN2,18:09,12.221,280.0,154.0
232,M-11GR,M CVAD PE,A,S1,1,SPSN3,18:09,6.216,271.6,180.1
233,M-11BR,M CVAD PE,A,S1,1,SPSN4,18:09,7.539,179.4,156.4
234,M-11RG,M CVAD PE,A,S1-S2,1,SPSN1,18:20,6.357,159.6,254.1
235,M-11RB,M CVAD PE,A,S1-S2,1,SPSN2,18:20,10.759,156.0,211.1
236,M-11GR,M CVAD PE,A,S1-S2,1,SPSN3,18:20,7.048,132.6,161.6
237,M-11BR,M CVAD PE,A,S1-S2,1,SPSN4,18:20,6.505,123.7,171.9
238,F-11.2_R,F SAL PE,F,HABITUATION,1,SPSN1,10:33,7.377,64.0,71.9
239,F-11.2_G,F SAL PE,F,HABITUATION,1,SPSN2,10:33,11.564,93.5,105.5
240,F-11.2_B,F SAL PE,F,HABITUATION,1,SPSN3,10:33,14.149,86.9,74.1
241,F-11.2_RG,F SAL PE,F,HABITUATION,1,SPSN4,10:33,11.348,102.1,93.7
242,F-11.2_B,F SAL PE,F,S1,1,SPSN3,10:39,18.419,246.4,140.9
243,F-11.2_RG,F SAL PE,F,S1,1,SPSN4,10:39,13.139,347.7,122.4
244,F-11.2_G,F SAL PE,F,S1,1,SPSN2,10:39,14.311,188.6,194.6
245,F-11.2_R,F SAL PE,F,S1,1,SPSN1,10:39,7.380,246.0,145.9
246,F-11.2_RG,F SAL PE,F,S1-S2,1,SPSN4,10:50,12.413,170.5,246.3
247,F-11.2_B,F SAL PE,F,S1-S2,1,SPSN3,10:50,18.496,228.7,147.2
248,F-11.2_R,F SAL PE,F,S1-S2,1,SPSN1,10:51,7.586,224.7,179.2
249,F-11.2_G,F SAL PE,F,S1-S2,1,SPSN2,10:51,11.656,157.1,223.7
250,F-11.3_G,F SAL PE,F,HABITUATION,1,SPSN3,11:14,9.962,87.3,66.5
251,F-11.2_RB,F SAL PE,F,HABITUATION,1,SPSN1,11:14,9.238,66.2,147.9
252,F-11.3_R,F SAL PE,F,HABITUATION,1,SPSN2,11:14,11.285,69.5,89.1
253,F-11.3_B,F SAL PE,F,HABITUATION,1,SPSN4,11:15,11.846,83.9,75.7
254,F-11.3_R,F SAL PE,F,S1,1,SPSN2,11:21,16.709,214.4,170.8
255,F-11.3_G,F SAL PE,F,S1,1,SPSN3,11:21,16.264,296.4,134.0
256,F-11.3_B,F SAL PE,F,S1,1,SPSN4,11:21,16.046,162.9,177.8
257,F-11.2_RB,F SAL PE,F,S1,1,SPSN1,11:21,14.389,274.7,165.7
258,F-11.3_R,F SAL PE,F,S1-S2,1,SPSN2,11:32,13.500,136.7,206.6
259,F-11.2_RB,F SAL PE,F,S1-S2,1,SPSN1,11:32,12.873,250.4,189.4
260,F-11.3_G,F SAL PE,F,S1-S2,1,SPSN3,11:32,13.706,193.0,210.7
261,F-11.3_B,F SAL PE,F,S1-S2,1,SPSN4,11:32,14.854,182.0,157.0
262,F-12_R,F SAL EE,C,HABITUATION,1,SPSN3,12:03,15.185,96.9,69.6
263,F-11.3_RG,F SAL PE,F,HABITUATION,1,SPSN1,12:03,10.182,95.5,103.1
264,F-11.3_RB,F SAL PE,F,HABITUATION,1,SPSN2,12:03,13.615,68.3,105.2
265,F-12_G,F SAL EE,C,HABITUATION,1,SPSN4,12:03,15.303,86.5,84.1
266,F-12_G,F SAL EE,C,S1,1,SPSN4,12:09,22.354,201.8,119.9
267,F-11.3_RB,F SAL PE,F,S1,1,SPSN2,12:09,18.103,192.1,118.9
268,F-12_R,F SAL EE,C,S1,1,SPSN3,12:09,16.977,178.2,153.0
269,F-11.3_RG,F SAL PE,F,S1,1,SPSN1,12:10,13.041,308.8,114.0
270,F-11.3_RB,F SAL PE,F,S1-S2,1,SPSN2,12:21,17.789,93.8,285.0
271,F-12_R,F SAL EE,C,S1-S2,1,SPSN3,12:21,16.570,133.2,208.3
272,F-12_G,F SAL EE,C,S1-S2,1,SPSN4,12:21,20.679,191.2,133.0
273,F-11.3_RG,F SAL PE,F,S1-S2,1,SPSN1,12:21,10.338,209.6,170.2
274,F-12_RB,F SAL EE,C,HABITUATION,1,SPSN3,12:46,12.271,79.5,72.3
275,F-12_B,F SAL EE,C,HABITUATION,1,SPSN1,12:46,13.712,78.4,88.8
276,F-12_RG,F SAL EE,C,HABITUATION,1,SPSN2,12:46,8.092,63.4,88.6
277,F-12_GR,F SAL EE,C,HABITUATION,1,SPSN4,12:46,11.236,65.1,90.7
278,F-12_B,F SAL EE,C,S1,1,SPSN1,12:52,21.011,201.3,170.1
279,F-12_RG,F SAL EE,C,S1,1,SPSN2,12:52,13.515,187.0,159.5
280,F-12_RB,F SAL EE,C,S1,1,SPSN3,12:52,17.465,163.6,205.9
281,F-12_GR,F SAL EE,C,S1,1,SPSN4,12:53,18.789,258.2,114.2
282,F-12_GR,F SAL EE,C,S1-S2,1,SPSN4,13:03,11.573,226.9,151.1
283,F-12_B,F SAL EE,C,S1-S2,1,SPSN1,13:04,19.453,203.3,185.1
284,F-12_RG,F SAL EE,C,S1-S2,1,SPSN2,13:04,9.246,92.0,299.0
285,F-12_RB,F SAL EE,C,S1-S2,1,SPSN3,13:04,16.461,208.1,183.4
286,F-12_BR,F SAL EE,C,HABITUATION,1,SPSN1,14:28,10.926,102.0,60.8
287,F-13.2_R,F CVAD PE,H,HABITUATION,1,SPSN2,14:28,10.179,66.9,87.0
288,F-13.2_G,F CVAD PE,H,HABITUATION,1,SPSN3,14:28,9.965,103.3,101.2
289,F-13.2_B,F CVAD PE,H,HABITUATION,1,SPSN4,14:28,8.093,18.0,32.4
290,F-12_BR,F SAL EE,C,S1,1,SPSN1,14:35,13.725,233.2,142.3
291,F-13.2_B,F CVAD PE,H,S1,1,SPSN4,14:35,0.126,0.0,0.0
292,F-13.2_R,F CVAD PE,H,S1,1,SPSN2,14:35,11.601,194.3,151.0
293,F-13.2_G,F CVAD PE,H,S1,1,SPSN3,14:35,12.925,295.0,92.8
294,F-13.2_R,F CVAD PE,H,S1-S2,1,SPSN2,14:46,12.139,74.4,222.3
295,F-12_BR,F SAL EE,C,S1-S2,1,SPSN1,14:46,15.094,137.6,206.2
296,F-13.2_G,F CVAD PE,H,S1-S2,1,SPSN3,14:46,13.147,162.9,164.6
297,F-13.2_B,F CVAD PE,H,S1-S2,1,SPSN4,14:46,0.455,598.5,0.0
298,F-14_G,F CVAD EE,D,HABITUATION,1,SPSN3,15:08,8.714,56.6,82.5
299,F-13.2_RG,F CVAD PE,H,HABITUATION,1,SPSN1,15:08,6.654,71.8,74.4
300,F-14_R,F CVAD EE,D,HABITUATION,1,SPSN2,15:08,10.284,40.6,75.2
301,F-14_B,F CVAD EE,D,HABITUATION,1,SPSN4,15:08,8.816,74.3,75.7
302,F-14_R,F CVAD EE,D,S1,1,SPSN2,15:15,11.734,195.6,88.8
303,F-13.2_RG,F CVAD PE,H,S1,1,SPSN1,15:15,7.842,228.3,76.5
304,F-14_G,F CVAD EE,D,S1,1,SPSN3,15:15,10.153,197.1,113.5
305,F-14_B,F CVAD EE,D,S1,1,SPSN4,15:15,10.694,202.8,155.8
306,F-13.2_RG,F CVAD PE,H,S1-S2,1,SPSN1,15:25,7.929,142.0,174.0
307,F-14_R,F CVAD EE,D,S1-S2,1,SPSN2,15:25,6.753,62.9,183.5
308,F-14_G,F CVAD EE,D,S1-S2,1,SPSN3,15:26,8.283,110.5,194.2
309,F-14_B,F CVAD EE,D,S1-S2,1,SPSN4,15:26,8.949,231.8,142.5
310,M-13_R,M SAL PE,B,HABITUATION,1,SPSN2,15:50,11.245,69.9,104.7
311,M-14_R,M SAL EE,E,HABITUATION,1,SPSN4,15:50,10.697,112.9,45.6
312,F-14_RG,F CVAD EE,D,HABITUATION,1,SPSN1,15:50,9.819,64.0,67.2
313,M-13_G,M SAL PE,B,HABITUATION,1,SPSN3,15:51,10.345,122.6,96.9
314,F-14_RG,F CVAD EE,D,S1,1,SPSN1,15:58,12.478,192.0,112.0
315,M-13_R,M SAL PE,B,S1,1,SPSN2,15:58,14.418,255.6,96.0
316,M-13_G,M SAL PE,B,S1,1,SPSN3,15:58,17.286,160.0,210.8
317,M-14_R,M SAL EE,E,S1,1,SPSN4,15:58,10.376,215.6,181.7
318,M-13_R,M SAL PE,B,S1-S2,1,SPSN2,16:10,9.074,139.5,201.7
319,F-14_RG,F CVAD EE,D,S1-S2,1,SPSN1,16:11,12.370,101.2,220.2
320,M-13_G,M SAL PE,B,S1-S2,1,SPSN3,16:11,14.790,145.1,230.9
321,M-14_R,M SAL EE,E,S1-S2,1,SPSN4,16:11,7.714,232.0,54.5
322,M-14_G,M SAL EE,E,HABITUATION,1,SPSN1,16:38,9.299,50.7,38.3
323,M-14_B,M SAL EE,E,HABITUATION,1,SPSN2,16:38,9.978,83.1,65.4
324,M-14_RG,M SAL EE,E,HABITUATION,1,SPSN3,16:38,11.600,82.1,86.5
325,M-15.2_R,M CVAD PE,A,HABITUATION,1,SPSN4,16:38,6.195,54.6,63.7
326,M-14_G,M SAL EE,E,S1,1,SPSN1,16:45,14.777,190.1,107.0
327,M-14_B,M SAL EE,E,S1,1,SPSN2,16:45,13.440,152.7,205.7
328,M-15.2_R,M CVAD PE,A,S1,1,SPSN4,16:46,10.919,299.0,109.1
329,M-14_RG,M SAL EE,E,S1,1,SPSN3,16:46,15.564,187.2,108.1
330,M-14_RG,M SAL EE,E,S1-S2,1,SPSN3,16:57,13.201,86.0,229.4
331,M-14_G,M SAL EE,E,S1-S2,1,SPSN1,16:57,18.678,117.2,130.2
332,M-14_B,M SAL EE,E,S1-S2,1,SPSN2,16:57,9.821,43.9,313.4
333,M-15.2_R,M CVAD PE,A,S1-S2,1,SPSN4,16:57,8.877,161.2,106.5
334,M-16_R,M CVAD EE,G,HABITUATION,1,SPSN1,17:22,10.747,86.3,65.7
335,M-16_G,M CVAD EE,G,HABITUATION,1,SPSN2,17:22,9.318,58.7,109.2
336,M-16_B,M CVAD EE,G,HABITUATION,1,SPSN3,17:22,11.484,90.3,90.7
337,M-16_R,M CVAD EE,G,S1,1,SPSN1,17:28,15.444,267.2,96.8
338,M-16_G,M CVAD EE,G,S1,1,SPSN2,17:28,14.287,223.6,116.4
339,M-16_B,M CVAD EE,G,S1,1,SPSN3,17:29,12.592,241.6,173.0
340,M-16_R,M CVAD EE,G,S1-S2,1,SPSN1,17:40,10.568,188.6,116.6
341,M-16_G,M CVAD EE,G,S1-S2,1,SPSN2,17:40,15.947,159.4,164.5
342,M-16_B,M CVAD EE,G,S1-S2,1,SPSN3,17:40,8.801,105.5,334.5
