Test,Animal,Treatment,Code,Stage,Trial,Apparatus,Date,Time of day,Distance (m),Mean speed (m/s),Periphery : entries,Periphery : time (s),Centre : entries,Centre : time (s),Centre : latency to first entry (s)
1,F-03R,F SAL EE,E,OF,1,Bottom OF,14/10/2024,pm,36.988,0.062,82,367.4,40,77.0,17.9
2,F-01BR,F SAL EE,E,OF,1,Top OF,14/10/2024,pm,48.478,0.081,82,448.1,35,30.9,5.2
3,F-03G,F SAL EE,E,OF,1,Top OF,14/10/2024,pm,62.957,0.105,156,425.8,40,23.5,4.6
4,F-03B,F SAL EE,E,OF,1,Bottom OF,14/10/2024,pm,62.787,0.105,120,385.5,54,53.4,7.8
5,F-03RG,F SAL EE,E,OF,1,Top OF,14/10/2024,pm,42.045,0.070,80,423.3,36,28.9,5.3
6,F-03RB,F SAL EE,E,OF,1,Bottom OF,14/10/2024,pm,59.481,0.099,115,372.1,48,50.1,0.0
7,F-03GR,F SAL EE,E,OF,1,Top OF,14/10/2024,pm,39.796,0.066,78,492.5,23,15.4,17.0
8,F-03BR,F SAL EE,E,OF,1,Bottom OF,14/10/2024,pm,58.237,0.097,110,420.2,45,50.6,16.9
9,F-03BRB,F SAL EE,E,OF,1,Bottom OF,14/10/2024,pm,70.761,0.118,124,420.7,53,45.9,7.5
10,F-03RGR,F SAL EE,E,OF,1,Top OF,14/10/2024,pm,27.133,0.045,83,485.0,14,19.3,3.1
11,F-02RG,F CVAD EE,H,OF,1,Top OF,14/10/2024,pm,43.080,0.072,90,417.4,33,28.7,1.3
12,F-02B,F CVAD EE,H,OF,1,Bottom OF,14/10/2024,pm,2.261,0.004,3,594.6,1,1.2,20.4
13,F-02GR,F CVAD EE,H,OF,1,Top OF,14/10/2024,pm,43.622,0.073,98,448.3,33,25.2,28.7
14,F-02RB,F CVAD EE,H,OF,1,Bottom OF,14/10/2024,pm,50.852,0.085,98,375.3,32,39.9,18.3
15,F-02BR,F CVAD EE,H,OF,1,Bottom OF,14/10/2024,pm,49.285,0.082,92,346.4,39,73.7,31.6
16,F-04BR,F CVAD EE,H,OF,1,Top OF,14/10/2024,pm,17.997,0.030,43,481.7,12,28.1,15.4
17,F-04RGR,F CVAD EE,H,OF,1,Bottom OF,14/10/2024,pm,24.052,0.040,33,547.9,6,6.9,145.3
18,M-02R,M SAL PE,C,OF,1,Top OF,14/10/2024,pm,42.892,0.071,73,453.7,23,37.0,105.8
19,M-02G,M SAL PE,C,OF,1,Bottom OF,14/10/2024,pm,29.497,0.049,79,338.5,22,61.3,28.3
20,M-02B,M SAL PE,C,OF,1,Top OF,14/10/2024,pm,33.230,0.055,73,414.1,26,36.9,14.7
21,M-03R,M SAL PE,C,OF,1,Top OF,14/10/2024,pm,27.305,0.046,86,415.9,21,33.0,9.4
22,M-02RG,M SAL PE,C,OF,1,Bottom OF,14/10/2024,pm,46.586,0.078,75,436.8,38,39.0,12.0
23,M-03B,M SAL PE,C,OF,1,Top OF,14/10/2024,pm,28.051,0.047,60,407.4,18,34.3,12.4
24,M-03G,M SAL PE,C,OF,1,Bottom OF,14/10/2024,pm,39.107,0.065,91,415.6,28,37.5,8.5
25,M-03RB,M SAL PE,C,OF,1,Top OF,14/10/2024,pm,48.038,0.080,91,459.4,22,18.8,55.8
26,M-03RG,M SAL PE,C,OF,1,Bottom OF,14/10/2024,pm,42.388,0.071,84,444.6,29,36.6,0.0
27,M-01G,M CVAD PE,A,OF,1,Top OF,14/10/2024,pm,15.954,0.027,51,485.7,5,5.5,0.8
28,M-03GR,M SAL PE,C,OF,1,Bottom OF,14/10/2024,pm,40.030,0.067,85,463.4,30,39.3,9.9
29,M-04R,M CVAD PE,A,OF,1,Top OF,14/10/2024,pm,15.177,0.025,15,565.8,4,4.7,65.7
30,M-01B,M CVAD PE,A,OF,1,Bottom OF,14/10/2024,pm,15.774,0.026,36,472.9,9,23.6,35.3
31,F-05RG,F SAL PE,F,OF,1,Top OF,04/11/2024,pm,27.506,0.046,41,517.4,14,16.4,115.7
32,F-05B,F SAL PE,F,OF,1,Bottom OF,04/11/2024,pm,47.757,0.080,101,378.3,45,50.6,18.3
33,F-06G,F SAL PE,F,OF,1,Top OF,04/11/2024,pm,52.283,0.087,109,447.4,32,27.6,33.5
34,F-05RB,F SAL PE,F,OF,1,Bottom OF,04/11/2024,pm,39.339,0.066,112,366.7,35,54.8,5.1
35,F-06RB,F SAL PE,F,OF,1,Top OF,04/11/2024,pm,47.062,0.078,96,438.0,26,22.6,2.1
36,F-06RG,F SAL PE,F,OF,1,Bottom OF,04/11/2024,pm,33.729,0.056,106,340.2,32,48.0,6.3
37,F-07R,F CVAD PE,D,OF,1,Top OF,04/11/2024,pm,36.787,0.061,74,484.8,15,22.2,4.1
38,F-06GR,F SAL PE,F,OF,1,Bottom OF,04/11/2024,pm,34.110,0.057,80,421.6,18,28.3,1.7
39,F-07RGR,F CVAD PE,D,OF,1,Top OF,04/11/2024,pm,8.478,0.014,6,589.5,2,1.2,586.8
40,F-07RG,F CVAD PE,D,OF,1,Bottom OF,04/11/2024,pm,14.313,0.024,17,573.7,4,6.6,19.1
41,F-07BRB,F CVAD PE,D,OF,1,Top OF,04/11/2024,pm,46.403,0.077,89,493.4,26,22.2,7.6
42,F-07RBR,F CVAD PE,D,OF,1,Bottom OF,04/11/2024,pm,29.416,0.049,44,478.3,12,28.5,25.5
43,F-08G,F CVAD PE,D,OF,1,Top OF,04/11/2024,pm,19.806,0.033,32,570.0,3,3.2,478.0
44,F-08R,F CVAD PE,D,OF,1,Bottom OF,04/11/2024,pm,34.306,0.057,64,495.0,17,18.5,14.2
45,F-8RG,F CVAD PE,D,OF,1,Top OF,04/11/2024,pm,30.653,0.051,31,562.5,4,4.5,280.2
46,F-08B,F CVAD PE,D,OF,1,Bottom OF,04/11/2024,pm,31.763,0.053,57,400.9,20,31.1,89.9
47,M-07RB,M SAL EE,B,OF,1,Top OF,04/11/2024,pm,48.634,0.081,65,508.8,20,18.4,14.3
48,F-08RB,F CVAD PE,D,OF,1,Bottom OF,04/11/2024,pm,32.887,0.055,69,427.2,15,13.0,2.1
49,M-07BR,M SAL EE,B,OF,1,Top OF,04/11/2024,pm,45.052,0.075,85,457.4,32,35.3,9.0
50,M-07GR,M SAL EE,B,OF,1,Bottom OF,04/11/2024,pm,39.446,0.066,80,424.5,25,36.4,97.6
51,M-09G,M SAL EE,B,OF,1,Top OF,04/11/2024,pm,48.342,0.081,97,462.2,25,15.0,37.9
52,M-09R,M SAL EE,B,OF,1,Bottom OF,04/11/2024,pm,50.360,0.084,101,439.1,31,35.4,1.7
53,M-09RG,M SAL EE,B,OF,1,Top OF,04/11/2024,pm,36.143,0.060,86,439.4,20,37.3,29.6
54,M-09B,M SAL EE,B,OF,1,Bottom OF,04/11/2024,pm,41.821,0.070,106,339.1,35,61.9,27.7
55,M-08B,M CVAD EE,G,OF,1,Top OF,04/11/2024,pm,43.530,0.073,81,468.0,20,26.0,7.9
56,M-08GR,M CVAD EE,G,OF,1,Bottom OF,04/11/2024,pm,69.825,0.116,155,401.0,33,31.5,12.2
57,M-10BR,M CVAD EE,G,OF,1,Top OF,04/11/2024,pm,39.352,0.066,74,478.8,17,20.7,97.5
58,M-10R,M CVAD EE,G,OF,1,Bottom OF,04/11/2024,pm,46.287,0.077,102,388.4,29,38.7,3.6
59,M-06B,M CVAD PE,A,OF,1,Top OF,04/11/2024,pm,19.941,0.033,36,536.9,7,6.3,61.5
60,M-10GR,M CVAD EE,G,OF,1,Bottom OF,04/11/2024,pm,46.328,0.077,83,392.8,34,49.8,34.3
61,M-10BRB,M CVAD EE,G,OF,1,Bottom OF,04/11/2024,pm,38.524,0.064,72,449.0,18,43.6,75.1
62,F-10G,F SAL EE,E,OF,1,Top OF,25/11/2024,pm,43.444,0.072,90,355.2,46,70.7,1.6
63,F-10R,F SAL EE,E,OF,1,Bottom OF,25/11/2024,pm,29.800,0.050,64,448.2,17,32.5,2.6
64,F-10RG,F SAL EE,E,OF,1,Top OF,25/11/2024,pm,29.794,0.050,64,489.8,22,20.0,37.0
65,F-10B,F SAL EE,E,OF,1,Bottom OF,25/11/2024,pm,56.942,0.095,96,412.3,44,48.4,1.7
66,F-10GR,F SAL EE,E,OF,1,Top OF,25/11/2024,pm,48.455,0.081,91,390.0,41,56.4,11.9
67,F-10RB,F SAL EE,E,OF,1,Bottom OF,25/11/2024,pm,22.608,0.038,37,460.4,22,29.3,11.0
68,F-10RGR,F SAL EE,E,OF,1,Top OF,25/11/2024,pm,44.212,0.074,108,400.9,25,28.1,6.4
69,F-10BR,F SAL EE,E,OF,1,Bottom OF,25/11/2024,pm,36.986,0.062,76,396.0,24,41.0,10.9
70,F-09RGR,F CVAD EE,H,OF,1,Top OF,25/11/2024,pm,35.674,0.059,50,518.0,13,9.4,211.2
71,F-09BR,F CVAD EE,H,OF,1,Bottom OF,25/11/2024,pm,37.984,0.063,48,511.2,12,12.2,292.0
72,M-12RB,M CVAD EE,G,OF,1,Top OF,25/11/2024,pm,35.397,0.059,73,480.0,12,17.9,111.9
73,M-12RG,M CVAD EE,G,OF,1,Bottom OF,25/11/2024,pm,59.852,0.100,113,375.2,51,69.1,12.3
74,M-11R,M CVAD PE,A,OF,1,Top OF,25/11/2024,pm,29.542,0.049,60,452.5,22,36.6,141.2
75,M-12GR,M CVAD EE,G,OF,1,Bottom OF,25/11/2024,pm,41.380,0.069,80,405.2,28,45.2,82.5
76,M-11B,M CVAD PE,A,OF,1,Top OF,25/11/2024,pm,36.936,0.062,61,456.4,27,41.6,24.2
77,M-11G,M CVAD PE,A,OF,1,Bottom OF,25/11/2024,pm,38.272,0.064,61,442.3,39,49.7,6.3
78,M-11RB,M CVAD PE,A,OF,1,Top OF,25/11/2024,pm,37.020,0.062,90,411.2,33,38.6,66.6
79,M-11RG,M CVAD PE,A,OF,1,Bottom OF,25/11/2024,pm,30.570,0.051,48,484.2,14,20.3,94.4
80,M-11BR,M CVAD PE,A,OF,1,Top OF,25/11/2024,pm,31.496,0.052,77,431.1,21,24.1,160.7
81,M-11GR,M CVAD PE,A,OF,1,Bottom OF,25/11/2024,pm,30.281,0.050,54,504.7,17,16.9,169.4
82,F-11.2_R,F SAL PE,F,OF,1,Bottom OF,14/04/2025,pm,25.013,0.042,29,525.7,9,15.9,182.5
83,F-11.2_G,F SAL PE,F,OF,1,Top OF,14/04/2025,pm,32.016,0.053,58,470.2,15,24.1,0.4
84,F-11.2_B,F SAL PE,F,OF,1,Bottom OF,14/04/2025,pm,51.986,0.087,84,502.1,23,19.5,26.6
85,F-11.2_RG,F SAL PE,F,OF,1,Top OF,14/04/2025,pm,40.343,0.067,99,398.0,30,35.0,29.0
86,F-11.2_RB,F SAL PE,F,OF,1,Bottom OF,14/04/2025,pm,39.077,0.065,86,457.3,21,19.6,33.6
87,F-11.3_R,F SAL PE,F,OF,1,Top OF,14/04/2025,pm,45.681,0.076,115,398.1,37,41.4,21.4
88,F-11.3_B,F SAL PE,F,OF,1,Top OF,14/04/2025,pm,28.909,0.048,78,335.8,37,72.9,12.4
89,F-11.3_G,F SAL PE,F,OF,1,Bottom OF,14/04/2025,pm,35.644,0.059,87,447.2,25,30.4,16.3
90,F-11.3_RB,F SAL PE,F,OF,1,Top OF,14/04/2025,pm,41.450,0.069,112,390.9,32,40.9,2.5
91,F-11.3_RG,F SAL PE,F,OF,1,Bottom OF,14/04/2025,pm,35.678,0.059,77,486.7,16,19.0,42.7
92,F-12_G,F SAL EE,E,OF,1,Top OF,14/04/2025,pm,62.709,0.105,122,428.3,31,32.1,85.8
93,F-12_R,F SAL EE,E,OF,1,Bottom OF,14/04/2025,pm,48.652,0.081,84,430.5,32,31.2,41.1
94,F-12_B,F SAL EE,E,OF,1,Bottom OF,14/04/2025,pm,57.315,0.096,94,511.1,23,16.0,7.1
95,F-12_RG,F SAL EE,E,OF,1,Top OF,14/04/2025,pm,39.382,0.066,91,440.0,23,32.5,68.1
96,F-12_GR,F SAL EE,E,OF,1,Top OF,14/04/2025,pm,38.844,0.065,87,483.3,20,20.1,55.0
97,F-12_RB,F SAL EE,E,OF,1,Bottom OF,14/04/2025,pm,47.605,0.079,90,453.9,24,27.7,4.8
98,F-13.2_R,F CVAD PE,D,OF,1,Top OF,14/04/2025,pm,26.233,0.044,34,523.9,11,12.0,225.0
99,F-12_BR,F SAL EE,E,OF,1,Bottom OF,14/04/2025,pm,50.623,0.084,86,453.0,34,27.8,17.7
100,F-13.2_B,F CVAD PE,D,OF,1,Top OF,14/04/2025,pm,20.417,0.034,29,560.2,5,4.6,256.6
101,F-13.2_G,F CVAD PE,D,OF,1,Bottom OF,14/04/2025,pm,34.633,0.058,67,490.8,13,18.7,8.7
102,F-13.2_RG,F CVAD PE,D,OF,1,Bottom OF,14/04/2025,pm,17.310,0.029,18,562.4,3,8.4,299.5
103,F-14_R,F CVAD EE,H,OF,1,Top OF,14/04/2025,pm,29.968,0.050,58,481.4,13,17.5,106.0
104,F-14_B,F CVAD EE,H,OF,1,Top OF,14/04/2025,pm,39.779,0.066,84,453.5,21,28.0,60.6
105,F-14_G,F CVAD EE,H,OF,1,Bottom OF,14/04/2025,pm,28.077,0.047,100,406.5,13,17.2,6.4
106,M-13_R,M SAL PE,C,OF,1,Top OF,14/04/2025,pm,39.022,0.065,63,486.5,11,17.5,117.4
107,F-14_RG,F CVAD EE,H,OF,1,Bottom OF,14/04/2025,pm,40.512,0.068,94,365.8,29,43.3,0.0
108,M-13_G,M SAL PE,C,OF,1,Bottom OF,14/04/2025,pm,44.465,0.074,84,435.8,28,38.3,15.6
109,M-14_R,M SAL EE,B,OF,1,Top OF,14/04/2025,pm,34.734,0.058,65,503.0,11,11.1,277.6
110,M-14_G,M SAL EE,B,OF,1,Bottom OF,14/04/2025,pm,53.186,0.089,105,409.6,33,31.9,15.4
111,M-14_B,M SAL EE,B,OF,1,Top OF,14/04/2025,pm,52.470,0.087,115,424.5,36,37.8,1.1
112,M-15.2_R,M CVAD PE,A,OF,1,Top OF,14/04/2025,pm,24.545,0.041,38,538.0,7,8.7,507.3
113,M-14_RG,M SAL EE,B,OF,1,Bottom OF,14/04/2025,pm,45.258,0.075,87,419.3,34,32.2,33.2
114,M-16_R,M CVAD EE,G,OF,1,Bottom OF,14/04/2025,pm,50.441,0.084,83,411.2,44,62.9,16.5
115,M-16_G,M CVAD EE,G,OF,1,Top OF,14/04/2025,pm,54.602,0.091,113,441.1,30,26.5,116.1
116,M-16_B,M CVAD EE,G,OF,1,Bottom OF,14/04/2025,pm,40.577,0.068,87,455.0,16,19.6,4.1
